{
  "export_version": "0.062",
  "framed_nodes": {},
  "groups": {},
  "nodes": {
    "Box": {
      "bl_idname": "SvBoxNode",
      "color": [
        0.0,
        0.5,
        0.5
      ],
      "height": 100.0,
      "hide": false,
      "label": "",
      "location": [
        468.1903076171875,
        142.1310577392578
      ],
      "params": {},
      "width": 140.0
    },
    "Line": {
      "bl_idname": "LineNode",
      "color": [
        0.0,
        0.5,
        0.5
      ],
      "height": 100.0,
      "hide": false,
      "label": "",
      "location": [
        -672.967529296875,
        -168.27085876464844
      ],
      "params": {
        "int_": 5,
        "step_": 2.5
      },
      "width": 140.0
    },
    "List Join": {
      "bl_idname": "ListJoinNode",
      "color": [
        0.6079999804496765,
        0.6079999804496765,
        0.6079999804496765
      ],
      "height": 100.0,
      "hide": false,
      "label": "",
      "location": [
        250.58676147460938,
        -39.04547119140625
      ],
      "params": {
        "JoinLevel": 2,
        "mix_check": 0
      },
      "width": 140.0
    },
    "Matrix Apply": {
      "bl_idname": "MatrixApplyNode",
      "color": [
        0.6079999804496765,
        0.6079999804496765,
        0.6079999804496765
      ],
      "height": 100.0,
      "hide": false,
      "label": "",
      "location": [
        74.88922119140625,
        -8.892939567565918
      ],
      "params": {},
      "width": 140.0
    },
    "Matrix in": {
      "bl_idname": "MatrixGenNode",
      "color": [
        0.6079999804496765,
        0.6079999804496765,
        0.6079999804496765
      ],
      "height": 100.0,
      "hide": false,
      "label": "",
      "location": [
        -125.18380737304688,
        -142.3118896484375
      ],
      "params": {},
      "width": 140.0
    },
    "Matrix in.001": {
      "bl_idname": "MatrixGenNode",
      "color": [
        0.6079999804496765,
        0.6079999804496765,
        0.6079999804496765
      ],
      "height": 100.0,
      "hide": false,
      "label": "",
      "location": [
        462.514404296875,
        -107.23393249511719
      ],
      "params": {},
      "width": 140.0
    },
    "Plane": {
      "bl_idname": "PlaneNode",
      "color": [
        0.0,
        0.5,
        0.5
      ],
      "height": 100.0,
      "hide": false,
      "label": "",
      "location": [
        -335.7265930175781,
        101.5412368774414
      ],
      "params": {
        "int_X": 5,
        "int_Y": 5,
        "step_X": 2.049999952316284,
        "step_Y": 2.559999942779541
      },
      "width": 140.0
    },
    "Vector in": {
      "bl_idname": "GenVectorsNode",
      "color": [
        0.6079999804496765,
        0.6079999804496765,
        0.6079999804496765
      ],
      "height": 100.0,
      "hide": false,
      "label": "",
      "location": [
        -259.1202392578125,
        -177.41912841796875
      ],
      "params": {},
      "width": 100.0
    },
    "Vector out": {
      "bl_idname": "VectorsOutNode",
      "color": [
        0.6079999804496765,
        0.6079999804496765,
        0.6079999804496765
      ],
      "height": 100.0,
      "hide": false,
      "label": "",
      "location": [
        -480.90032958984375,
        -188.94024658203125
      ],
      "params": {},
      "width": 140.0
    },
    "Viewer BMeshMK2": {
      "bl_idname": "SvBmeshViewerNodeMK2",
      "color": [
        1.0,
        0.30000001192092896,
        0.0
      ],
      "height": 100.0,
      "hide": true,
      "label": "",
      "location": [
        736.449951171875,
        144.64561462402344
      ],
      "params": {
        "basemesh_name": "MYBOX",
        "grouping": 1,
        "hide": 1,
        "lp": [
          0,
          0,
          0,
          0,
          0,
          0,
          0,
          0,
          0,
          0,
          0,
          0,
          0,
          0,
          0,
          0,
          0,
          0,
          0,
          0
        ]
      },
      "width": 140.0
    }
  },
  "update_lists": [
    [
      "Line",
      "Vertices",
      "Vector out",
      "Vectors"
    ],
    [
      "Vector out",
      "X",
      "Vector in",
      "Z"
    ],
    [
      "Vector in",
      "Vectors",
      "Matrix in",
      "Location"
    ],
    [
      "Plane",
      "Vertices",
      "Matrix Apply",
      "Vectors"
    ],
    [
      "Matrix in",
      "Matrix",
      "Matrix Apply",
      "Matrixes"
    ],
    [
      "Matrix Apply",
      "Vectors",
      "List Join",
      "data"
    ],
    [
      "List Join",
      "data",
      "Matrix in.001",
      "Location"
    ],
    [
      "Box",
      "Vers",
      "Viewer BMeshMK2",
      "vertices"
    ],
    [
      "Box",
      "Pols",
      "Viewer BMeshMK2",
      "faces"
    ],
    [
      "Matrix in.001",
      "Matrix",
      "Viewer BMeshMK2",
      "matrix"
    ]
  ]
}