{
  "export_version": "0.062",
  "framed_nodes": {},
  "groups": {},
  "nodes": {
    "Area": {
      "bl_idname": "AreaNode",
      "color": [
        0.6079999804496765,
        0.6079999804496765,
        0.6079999804496765
      ],
      "height": 100.0,
      "hide": false,
      "label": "",
      "location": [
        646.30078125,
        142.20213317871094
      ],
      "params": {
        "per_face": 1
      },
      "width": 140.0
    },
    "Line": {
      "bl_idname": "LineNode",
      "color": [
        0.0,
        0.5,
        0.5
      ],
      "height": 100.0,
      "hide": false,
      "label": "",
      "location": [
        1085.89306640625,
        164.30764770507812
      ],
      "params": {
        "int_": 14,
        "step_": -0.22999995946884155
      },
      "width": 140.0
    },
    "List Length": {
      "bl_idname": "ListLengthNode",
      "color": [
        0.6079999804496765,
        0.6079999804496765,
        0.6079999804496765
      ],
      "height": 100.0,
      "hide": false,
      "label": "",
      "location": [
        860.8888549804688,
        99.52051544189453
      ],
      "params": {
        "level": 1
      },
      "width": 140.0
    },
    "List Sort": {
      "bl_idname": "ListSortNodeMK2",
      "color": [
        0.6079999804496765,
        0.6079999804496765,
        0.6079999804496765
      ],
      "height": 100.0,
      "hide": false,
      "label": "",
      "location": [
        954.3338012695312,
        389.1223449707031
      ],
      "params": {
        "level": 3
      },
      "width": 140.0
    },
    "Matrix in": {
      "bl_idname": "MatrixGenNode",
      "color": [
        0.6079999804496765,
        0.6079999804496765,
        0.6079999804496765
      ],
      "height": 100.0,
      "hide": false,
      "label": "",
      "location": [
        1616.086181640625,
        200.66845703125
      ],
      "params": {},
      "width": 140.0
    },
    "Objects in mk2": {
      "bl_idname": "ObjectsNodeMK2",
      "color": [
        0.0,
        0.5,
        0.20000000298023224
      ],
      "height": 100.0,
      "hide": false,
      "label": "",
      "location": [
        -420.3226013183594,
        96.85198211669922
      ],
      "params": {
        "objects_local": "['GP_Layer']"
      },
      "width": 140.0
    },
    "Range Float": {
      "bl_idname": "SvGenFloatRange",
      "color": [
        0.6079999804496765,
        0.6079999804496765,
        0.6079999804496765
      ],
      "height": 100.0,
      "hide": false,
      "label": "",
      "location": [
        -138.4689178466797,
        -77.10395050048828
      ],
      "params": {
        "count_": 22,
        "mode": "FRANGE_COUNT",
        "stop_": 1.0
      },
      "width": 140.0
    },
    "Separate Loose Parts": {
      "bl_idname": "SvSeparateMeshNode",
      "color": [
        0.6079999804496765,
        0.6079999804496765,
        0.6079999804496765
      ],
      "height": 100.0,
      "hide": false,
      "label": "",
      "location": [
        -181.84329223632812,
        101.33552551269531
      ],
      "params": {},
      "width": 140.0
    },
    "Separate Loose Parts.001": {
      "bl_idname": "SvSeparateMeshNode",
      "color": [
        0.6079999804496765,
        0.6079999804496765,
        0.6079999804496765
      ],
      "height": 100.0,
      "hide": false,
      "label": "",
      "location": [
        457.93121337890625,
        246.91893005371094
      ],
      "params": {},
      "width": 140.0
    },
    "Stethoscope.001": {
      "bl_idname": "SvStethoscopeNode",
      "color": [
        0.5,
        0.5,
        1.0
      ],
      "height": 100.0,
      "hide": false,
      "label": "",
      "location": [
        1135.2978515625,
        -53.58149337768555
      ],
      "params": {
        "text_color": [
          0.949999988079071,
          0.949999988079071,
          0.949999988079071
        ]
      },
      "width": 140.0
    },
    "Stethoscope.002": {
      "bl_idname": "SvStethoscopeNode",
      "color": [
        0.5,
        0.5,
        1.0
      ],
      "height": 100.0,
      "hide": false,
      "label": "",
      "location": [
        918.5762329101562,
        -145.96002197265625
      ],
      "params": {
        "text_color": [
          0.949999988079071,
          0.949999988079071,
          0.949999988079071
        ]
      },
      "width": 140.0
    },
    "UV Connection": {
      "bl_idname": "LineConnectNodeMK2",
      "color": [
        0.6079999804496765,
        0.6079999804496765,
        0.6079999804496765
      ],
      "height": 100.0,
      "hide": false,
      "label": "",
      "location": [
        271.4192810058594,
        174.037109375
      ],
      "params": {
        "cicl_check_U": 1,
        "cicl_check_V": 0,
        "cup_V": 0,
        "polygons": "Pols",
        "slice_check": 1
      },
      "width": 140.0
    },
    "Vector Interpolation mk3": {
      "bl_idname": "SvInterpolationNodeMK3",
      "color": [
        0.6079999804496765,
        0.6079999804496765,
        0.6079999804496765
      ],
      "height": 100.0,
      "hide": false,
      "label": "",
      "location": [
        65.20906829833984,
        100.36007690429688
      ],
      "params": {
        "is_cyclic": 1
      },
      "width": 140.0
    },
    "Vector in": {
      "bl_idname": "GenVectorsNode",
      "color": [
        0.6079999804496765,
        0.6079999804496765,
        0.6079999804496765
      ],
      "height": 100.0,
      "hide": false,
      "label": "",
      "location": [
        1456.260986328125,
        130.82994079589844
      ],
      "params": {},
      "width": 100.0
    },
    "Vector out": {
      "bl_idname": "VectorsOutNode",
      "color": [
        0.6079999804496765,
        0.6079999804496765,
        0.6079999804496765
      ],
      "height": 100.0,
      "hide": false,
      "label": "",
      "location": [
        1273.1617431640625,
        132.54837036132812
      ],
      "params": {},
      "width": 140.0
    },
    "Viewer Draw": {
      "bl_idname": "ViewerNode2",
      "color": [
        1.0,
        0.30000001192092896,
        0.0
      ],
      "height": 100.0,
      "hide": false,
      "label": "",
      "location": [
        1814.988037109375,
        457.61474609375
      ],
      "params": {
        "activate": 1
      },
      "width": 140.0
    }
  },