{
  "export_version": "0.063",
  "framed_nodes": {},
  "groups": {},
  "nodes": {
    "Box": {
      "bl_idname": "SvBoxNode",
      "color": [
        0.0,
        0.5,
        0.5
      ],
      "height": 100.0,
      "hide": false,
      "label": "",
      "location": [
        -346.07452392578125,
        244.2911834716797
      ],
      "params": {
        "Divx": 4,
        "Divy": 2,
        "Divz": 2
      },
      "width": 140.0
    },
    "Extrude Separate Faces": {
      "bl_idname": "SvExtrudeSeparateNode",
      "color": [
        0.6079999804496765,
        0.6079999804496765,
        0.6079999804496765
      ],
      "height": 100.0,
      "hide": false,
      "label": "",
      "location": [
        -35.68234634399414,
        -142.7977752685547
      ],
      "params": {
        "height_": 1.1100000143051147
      },
      "width": 140.0
    },
    "Extrude Separate Faces.001": {
      "bl_idname": "SvExtrudeSeparateNode",
      "color": [
        0.6079999804496765,
        0.6079999804496765,
        0.6079999804496765
      ],
      "height": 100.0,
      "hide": false,
      "label": "",
      "location": [
        315.1806640625,
        -686.035888671875
      ],
      "params": {
        "height_": 0.4500000476837158,
        "scale_": 0.9699999690055847
      },
      "width": 140.0
    },
    "Matrix in": {
      "bl_idname": "MatrixGenNode",
      "color": [
        0.6079999804496765,
        0.6079999804496765,
        0.6079999804496765
      ],
      "height": 100.0,
      "hide": false,
      "label": "",
      "location": [
        56.01416015625,
        69.84516143798828
      ],
      "params": {},
      "width": 140.0
    },
    "Matrix in.001": {
      "bl_idname": "MatrixGenNode",
      "color": [
        0.6079999804496765,
        0.6079999804496765,
        0.6079999804496765
      ],
      "height": 100.0,
      "hide": false,
      "label": "",
      "location": [
        164.16165161132812,
        -440.33843994140625
      ],
      "params": {},
      "width": 140.0
    },
    "Matrix in.002": {
      "bl_idname": "MatrixGenNode",
      "color": [
        0.6079999804496765,
        0.6079999804496765,
        0.6079999804496765
      ],
      "height": 100.0,
      "hide": false,
      "label": "",
      "location": [
        406.79510498046875,
        -979.0826416015625
      ],
      "params": {},
      "width": 140.0
    },
    "Plane": {
      "bl_idname": "PlaneNode",
      "color": [
        0.0,
        0.5,
        0.5
      ],
      "height": 100.0,
      "hide": false,
      "label": "",
      "location": [
        -336.388427734375,
        -190.8468017578125
      ],
      "params": {
        "Center": 1,
        "Separate": 0,
        "step_X": 1.0
      },
      "width": 140.0
    },
    "Plane.001": {
      "bl_idname": "PlaneNode",
      "color": [
        0.0,
        0.5,
        0.5
      ],
      "height": 100.0,
      "hide": false,
      "label": "",
      "location": [
        -58.69255065917969,
        -735.2463989257812
      ],
      "params": {
        "Center": 1,
        "Separate": 0,
        "step_X": 1.4500000476837158,
        "step_Y": 0.9399999976158142
      },
      "width": 256.44891357421875
    },
    "Randomize input vertices": {
      "bl_idname": "SvRandomizeVerticesNode",
      "color": [
        0.6079999804496765,
        0.6079999804496765,
        0.6079999804496765
      ],
      "height": 100.0,
      "hide": false,
      "label": "",
      "location": [
        474.8700866699219,
        161.18092346191406
      ],
      "params": {
        "random_seed_": 6,
        "random_x_": 0.11999998986721039,
        "random_y_": 0.08999998867511749,
        "random_z_": 0.08999998867511749
      },
      "width": 140.0
    },
    "Vector in": {
      "bl_idname": "GenVectorsNode",
      "color": [
        0.6079999804496765,
        0.6079999804496765,
        0.6079999804496765
      ],
      "height": 100.0,
      "hide": false,
      "label": "",
      "location": [
        -146.9716796875,
        73.26663970947266
      ],
      "params": {
        "x_": 1.209999918937683,
        "y_": 0.6699999570846558,
        "z_": 0.09999996423721313
      },
      "width": 100.0
    },
    "Vector in.001": {
      "bl_idname": "GenVectorsNode",
      "color": [
        0.6079999804496765,
        0.6079999804496765,
        0.6079999804496765
      ],
      "height": 100.0,
      "hide": false,
      "label": "",
      "location": [
        -89.33793640136719,
        -547.32958984375
      ],
      "params": {
        "x_": 1.5699999332427979,
        "y_": 1.059999942779541,
        "z_": 0.5499999523162842
      },
      "width": 100.0
    },
    "Vector in.002": {
      "bl_idname": "GenVectorsNode",
      "color": [
        0.6079999804496765,
        0.6079999804496765,
        0.6079999804496765
      ],
      "height": 100.0,
      "hide": false,
      "label": "",
      "location": [
        -238.89537048339844,
        -479.24737548828125
      ],
      "params": {
        "x_": 0.0,
        "y_": 0.0,
        "z_": -0.35999998450279236
      },
      "width": 100.0
    },
    "Vector in.003": {
      "bl_idname": "GenVectorsNode",
      "color": [
        0.6079999804496765,
        0.6079999804496765,
        0.6079999804496765
      ],
      "height": 100.0,
      "hide": false,
      "label": "",
      "location": [
        18.106781005859375,
        -1001.2290649414062
      ],
      "params": {
        "x_": 0.0,
        "y_": 0.0,
        "z_": -0.0299999937415123
      },
      "width": 100.0
    },
    "Vector in.004": {
      "bl_idname": "GenVectorsNode",
      "color": [
        0.6079999804496765,
        0.6079999804496765,
        0.6079999804496765
      ],
      "height": 100.0,
      "hide": false,
      "label": "",
      "location": [
        169.69271850585938,
        -1064.6953125
      ],
      "params": {
        "x_": 1.0,
        "y_": 1.0,
        "z_": 1.0299999713897705
      },
      "width": 100.0
    },
    "Vector in.005": {
      "bl_idname": "GenVectorsNode",
      "color": [
        0.6079999804496765,
        0.6079999804496765,
        0.6079999804496765
      ],
      "height": 100.0,
      "hide": false,
      "label": "",
      "location": [
        -317.942138671875,
        -24.925567626953125
      ],
      "params": {
        "z_": 0.47999995946884155
      },
      "width": 100.0
    },
    "Viewer Draw": {
      "bl_idname": "ViewerNode2",
      "color": [
        1.0,
        0.30000001192092896,
        0.0
      ],
      "height": 100.0,
      "hide": false,
      "label": "",
      "location": [
        704.1559448242188,
        123.4598159790039
      ],
      "params": {
        "activate": 1,
        "edge_colors": [
          0.8989999890327454,
          0.6634976863861084,
          0.15139319002628326
        ],
        "face_colors": [
          0.8989999890327454,
          0.8314639925956726,
          0.36914053559303284
        ]
      },
      "width": 140.0
    },
    "Viewer Draw.001": {
      "bl_idname": "ViewerNode2",
      "color": [
        1.0,
        0.30000001192092896,
        0.0
      ],
      "height": 100.0,
      "hide": false,
      "label": "",
      "location": [
        675.027099609375,
        -245.28134155273438
      ],
      "params": {
        "activate": 1,
        "edge_colors": [
          0.17328298091888428,
          0.8989999890327454,
          0.0
        ],
        "face_colors": [
          0.0980137437582016,
          0.37492361664772034,
          0.32123249769210815
        ]
      },
      "width": 140.0
    },
    "Viewer Draw.002": {
      "bl_idname": "ViewerNode2",
      "color": [
        1.0,
        0.30000001192092896,
        0.0
      ],
      "height": 100.0,
      "hide": false,
      "label": "",
      "location": [
        614.7700805664062,
        -686.312744140625
      ],
      "params": {
        "activate": 1,