{
  "export_version": "0.063",
  "framed_nodes": {},
  "groups": {},
  "nodes": {
    "Circle": {
      "bl_idname": "SvCircleNode",
      "color": [
        0.0,
        0.5,
        0.5
      ],
      "height": 100.0,
      "hide": false,
      "label": "",
      "location": [
        -244.79843139648438,
        233.27096557617188
      ],
      "params": {
        "vert_": 12
      },
      "width": 140.0
    },
    "Cylinder": {
      "bl_idname": "CylinderNode",
      "color": [
        0.0,
        0.5,
        0.5
      ],
      "height": 100.0,
      "hide": false,
      "label": "",
      "location": [
        496.7336730957031,
        404.95184326171875
      ],
      "params": {
        "Separate": 0,
        "cap_": 0,
        "height_": 1.0,
        "subd_": 11,
        "vert_": 12
      },
      "width": 140.0
    },
    "Int": {
      "bl_idname": "IntegerNode",
      "color": [
        0.6079999804496765,
        0.6079999804496765,
        0.6079999804496765
      ],
      "height": 100.0,
      "hide": false,
      "label": "",
      "location": [
        -1014.5479736328125,
        -287.7056579589844
      ],
      "params": {
        "int_": 13
      },
      "width": 140.0
    },
    "Int.001": {
      "bl_idname": "IntegerNode",
      "color": [
        0.6079999804496765,
        0.6079999804496765,
        0.6079999804496765
      ],
      "height": 100.0,
      "hide": false,
      "label": "",
      "location": [
        -720.72900390625,
        223.87924194335938
      ],
      "params": {
        "int_": 12
      },
      "width": 140.0
    },
    "Line": {
      "bl_idname": "LineNode",
      "color": [
        0.0,
        0.5,
        0.5
      ],
      "height": 100.0,
      "hide": false,
      "label": "",
      "location": [
        -398.7620544433594,
        -123.0186538696289
      ],
      "params": {
        "int_": 12,
        "step_": 1.0
      },
      "width": 140.0
    },
    "List Join": {
      "bl_idname": "ListJoinNode",
      "color": [
        0.6079999804496765,
        0.6079999804496765,
        0.6079999804496765
      ],
      "height": 100.0,
      "hide": false,
      "label": "",
      "location": [
        1089.5352783203125,
        114.18425750732422
      ],
      "params": {
        "JoinLevel": 2,
        "mix_check": 0,
        "wrap_check": 0
      },
      "width": 140.0
    },
    "Math": {
      "bl_idname": "ScalarMathNode",
      "color": [
        0.6079999804496765,
        0.6079999804496765,
        0.6079999804496765
      ],
      "height": 100.0,
      "hide": false,
      "label": "",
      "location": [
        -209.1363525390625,
        -422.1291809082031
      ],
      "params": {
        "items_": "DIV",
        "x": 360.0
      },
      "width": 140.0
    },
    "Math.001": {
      "bl_idname": "ScalarMathNode",
      "color": [
        0.6079999804496765,
        0.6079999804496765,
        0.6079999804496765
      ],
      "height": 100.0,
      "hide": false,
      "label": "",
      "location": [
        -429.1363525390625,
        -437.6474609375
      ],
      "params": {
        "items_": "-1"
      },
      "width": 140.0
    },
    "Math.002": {
      "bl_idname": "ScalarMathNode",
      "color": [
        0.6079999804496765,
        0.6079999804496765,
        0.6079999804496765
      ],
      "height": 100.0,
      "hide": false,
      "label": "",
      "location": [
        316.8504638671875,
        379.82525634765625
      ],
      "params": {
        "items_": "-1"
      },
      "width": 140.0
    },
    "Matrix Apply": {
      "bl_idname": "MatrixApplyNode",
      "color": [
        0.6079999804496765,
        0.6079999804496765,
        0.6079999804496765
      ],
      "height": 100.0,
      "hide": false,
      "label": "",
      "location": [
        802.3986206054688,
        148.22935485839844
      ],
      "params": {},
      "width": 140.0
    },
    "Matrix in": {
      "bl_idname": "MatrixGenNode",
      "color": [
        0.6079999804496765,
        0.6079999804496765,
        0.6079999804496765
      ],
      "height": 100.0,
      "hide": false,
      "label": "",
      "location": [
        516.9528198242188,
        -78.66056060791016
      ],
      "params": {},
      "width": 140.0
    },
    "Move": {
      "bl_idname": "VectorMoveNode",
      "color": [
        0.6079999804496765,
        0.6079999804496765,
        0.6079999804496765
      ],
      "height": 100.0,
      "hide": false,
      "label": "",
      "location": [
        102.09735870361328,
        160.2584228515625
      ],
      "params": {
        "mult_": -3.0
      },
      "width": 140.0
    },
    "Range Float": {
      "bl_idname": "SvGenFloatRange",
      "color": [
        0.6079999804496765,
        0.6079999804496765,
        0.6079999804496765
      ],
      "height": 100.0,
      "hide": false,
      "label": "",
      "location": [
        156.71353149414062,
        -368.11669921875
      ],
      "params": {
        "count_": 18,
        "mode": "FRANGE_STEP",
        "step_": 27.489999771118164
      },
      "width": 140.0
    },
    "Vector Rewire": {
      "bl_idname": "SvVectorRewire",
      "color": [
        0.6079999804496765,
        0.6079999804496765,
        0.6079999804496765
      ],
      "height": 100.0,
      "hide": false,
      "label": "",
      "location": [
        117.17994689941406,
        -81.39239501953125
      ],
      "params": {},
      "width": 152.7122802734375
    },
    "Vector X | Y | Z MK2": {
      "bl_idname": "SvAxisInputNodeMK2",
      "color": [
        0.6079999804496765,
        0.6079999804496765,
        0.6079999804496765
      ],
      "height": 100.0,
      "hide": false,
      "label": "",
      "location": [
        -21.951412200927734,
        -243.54513549804688
      ],
      "params": {
        "axis_x": "0",
        "axis_y": "0"
      },
      "width": 157.103759765625
    },
    "Vector in": {
      "bl_idname": "GenVectorsNode",
      "color": [
        0.6079999804496765,
        0.6079999804496765,
        0.6079999804496765
      ],
      "height": 100.0,
      "hide": false,
      "label": "",
      "location": [
        -63.10289001464844,
        60.759742736816406
      ],
      "params": {
        "x_": 1.0
      },
      "width": 100.0
    },
    "Viewer Draw": {
      "bl_idname": "ViewerNode2",
      "color": [
        1.0,
        0.30000001192092896,
        0.0
      ],
      "height": 100.0,
      "hide": false,
      "label": "",
      "location": [
        1402.3934326171875,
        329.824951171875
      ],
      "params": {
        "activate": 0
      },
      "width": 140.0
    }
  },