{
  "export_version": "0.063",
  "framed_nodes": {},
  "groups": {},
  "nodes": {
    "Box": {
      "bl_idname": "SvBoxNode",
      "color": [
        0.0,
        0.5,
        0.5
      ],
      "height": 100.0,
      "hide": false,
      "label": "",
      "location": [
        61.90908432006836,
        445.5596618652344
      ],
      "params": {
        "Size": 0.940000057220459
      },
      "width": 140.0
    },
    "Frame info": {
      "bl_idname": "SvFrameInfoNode",
      "color": [
        0.0,
        0.5,
        0.20000000298023224
      ],
      "height": 100.0,
      "hide": false,
      "label": "",
      "location": [
        -1175.3704833984375,
        -229.29486083984375
      ],
      "params": {},
      "width": 140.0
    },
    "Map Range": {
      "bl_idname": "SvMapRangeNode",
      "color": [
        0.6079999804496765,
        0.6079999804496765,
        0.6079999804496765
      ],
      "height": 100.0,
      "hide": false,
      "label": "",
      "location": [
        -282.3813171386719,
        -105.7790298461914
      ],
      "params": {
        "clamp": 1,
        "new_max": 4.389999866485596,
        "new_min": 0.059999942779541016,
        "old_max": 0.3100000023841858,
        "old_min": -0.699999988079071
      },
      "width": 140.0
    },
    "Matrix in": {
      "bl_idname": "MatrixGenNode",
      "color": [
        0.6079999804496765,
        0.6079999804496765,
        0.6079999804496765
      ],
      "height": 100.0,
      "hide": false,
      "label": "",
      "location": [
        136.01425170898438,
        138.65562438964844
      ],
      "params": {},
      "width": 140.0
    },
    "Move": {
      "bl_idname": "VectorMoveNode",
      "color": [
        0.6079999804496765,
        0.6079999804496765,
        0.6079999804496765
      ],
      "height": 100.0,
      "hide": false,
      "label": "",
      "location": [
        -784.28857421875,
        -67.12709045410156
      ],
      "params": {
        "mult_": 0.10000000149011612
      },
      "width": 140.0
    },
    "Plane": {
      "bl_idname": "PlaneNode",
      "color": [
        0.0,
        0.5,
        0.5
      ],
      "height": 100.0,
      "hide": false,
      "label": "",
      "location": [
        -1238.05126953125,
        213.0649871826172
      ],
      "params": {
        "int_X": 20,
        "int_Y": 20
      },
      "width": 140.0
    },
    "Vector Fractal": {
      "bl_idname": "SvVectorFractal",
      "color": [
        0.6079999804496765,
        0.6079999804496765,
        0.6079999804496765
      ],
      "height": 100.0,
      "hide": false,
      "label": "",
      "location": [
        -586.833984375,
        -114.05108642578125
      ],
      "params": {
        "fractal_type": "FRACTAL",
        "h_factor": 0.8299999237060547,
        "lacunarity": 4.340000152587891,
        "noise_type": "CELLNOISE",
        "octaves": 3,
        "offset": 0.11999999731779099
      },
      "width": 169.05389404296875
    },
    "Vector Math MK2": {
      "bl_idname": "SvVectorMathNodeMK2",
      "color": [
        0.6079999804496765,
        0.6079999804496765,
        0.6079999804496765
      ],
      "height": 100.0,
      "hide": false,
      "label": "",
      "location": [
        -187.7281494140625,
        191.4780731201172
      ],
      "params": {
        "current_op": "ADD"
      },
      "width": 140.0
    },
    "Vector Noise MK2": {
      "bl_idname": "SvNoiseNodeMK2",
      "color": [
        0.6079999804496765,
        0.6079999804496765,
        0.6079999804496765
      ],
      "height": 100.0,
      "hide": false,
      "label": "",
      "location": [
        -586.6405639648438,
        51.8833122253418
      ],
      "params": {
        "out_mode": "SCALAR"
      },
      "width": 140.0
    },
    "Vector in": {
      "bl_idname": "GenVectorsNode",
      "color": [
        0.6079999804496765,
        0.6079999804496765,
        0.6079999804496765
      ],
      "height": 100.0,
      "hide": false,
      "label": "",
      "location": [
        -340.59661865234375,
        60.89871597290039
      ],
      "params": {},
      "width": 100.0
    },
    "Vector in.001": {
      "bl_idname": "GenVectorsNode",
      "color": [
        0.6079999804496765,
        0.6079999804496765,
        0.6079999804496765
      ],
      "height": 100.0,
      "hide": false,
      "label": "",
      "location": [
        -948.18701171875,
        -201.06591796875
      ],
      "params": {
        "x_": 17.399999618530273
      },
      "width": 100.0
    },
    "Vector in.002": {
      "bl_idname": "GenVectorsNode",
      "color": [
        0.6079999804496765,
        0.6079999804496765,
        0.6079999804496765
      ],
      "height": 100.0,
      "hide": false,
      "label": "",
      "location": [
        -54.857757568359375,
        23.84970474243164
      ],
      "params": {
        "x_": 1.0,
        "y_": 1.0,
        "z_": 2.93999981880188
      },
      "width": 100.0
    },
    "Viewer Draw": {
      "bl_idname": "ViewerNode2",
      "color": [
        1.0,
        0.30000001192092896,
        0.0
      ],
      "height": 100.0,
      "hide": false,
      "label": "",
      "location": [
        387.751708984375,
        378.38946533203125
      ],
      "params": {
        "activate": 0,
        "display_verts": 0
      },
      "width": 140.0
    }
  },
  "update_lists": [
    [
      "Frame info",
      "Current Frame",
      "Vector in.001",
      "X"
    ],
    [
      "Plane",
      "Vertices",
      "Move",
      "vertices"
    ],
    [
      "Vector in.001",
      "Vectors",
      "Move",
      "vectors"
    ],
    [
      "Move",
      "vertices",
      "Vector Fractal",
      "Vertices"
    ],
    [
      "Vector Fractal",
      "Value",
      "Map Range",
      "Value"
    ],
    [
      "Map Range",
      "Value",
      "Vector in.002",
      "Z"
    ],
    [
      "Plane",
      "Vertices",
      "Matrix in",
      "Location"
    ],
    [
      "Vector in.002",
      "Vectors",
      "Matrix in",
      "Scale"
    ],
    [
      "Box",
      "Vers",
      "Viewer Draw",
      "vertices"
    ],
    [
      "Box",
      "Pols",
      "Viewer Draw",
      "edg_pol"
    ],
    [
      "Matrix in",
      "Matrix",
      "Viewer Draw",
      "matrix"
    ],
    [
      "Vector Fractal",
      "Value",
      "Vector in",
      "Z"
    ],
    [
      "Plane",
      "Vertices",
      "Vector Math MK2",
      "A"
    ],
    [
      "Vector in",
      "Vectors",
      "Vector Math MK2",
      "B"
    ]
  ]
}