{
  "export_version": "0.064",
  "framed_nodes": {},
  "groups": {},
  "nodes": {
    "Frame infoMK2": {
      "bl_idname": "SvFrameInfoNodeMK2",
      "color": [
        0.904932975769043,
        1.0,
        0.883421003818512
      ],
      "height": 100.0,
      "hide": false,
      "label": "",
      "location": [
        -529.0276489257812,
        -6.584277153015137
      ],
      "params": {},
      "width": 140.0
    },
    "Polyline Viewer MK1": {
      "bl_idname": "SvPolylineViewerNodeMK1",
      "color": [
        0.6079999804496765,
        0.6079999804496765,
        0.6079999804496765
      ],
      "height": 100.0,
      "hide": true,
      "label": "",
      "location": [
        61.991912841796875,
        399.95172119140625
      ],
      "params": {
        "basemesh_name": "Alpha",
        "bspline": 0,
        "material": "Material.001",
        "radii": 1.309999942779541,
        "resolution": 0,
        "select": 0,
        "use_smooth": 1
      },
      "width": 207.7923583984375
    },
    "Randomize input vertices": {
      "bl_idname": "SvRandomizeVerticesNode",
      "color": [
        0.6079999804496765,
        0.6079999804496765,
        0.6079999804496765
      ],
      "height": 100.0,
      "hide": false,
      "label": "",
      "location": [
        -273.1290588378906,
        246.23861694335938
      ],
      "params": {
        "random_seed_": 106,
        "random_x_": 0.10000000149011612,
        "random_y_": 0.10000000149011612,
        "random_z_": 0.10000000149011612
      },
      "width": 140.0
    },
    "Range Float": {
      "bl_idname": "SvGenFloatRange",
      "color": [
        0.6079999804496765,
        0.6079999804496765,
        0.6079999804496765
      ],
      "height": 100.0,
      "hide": false,
      "label": "",
      "location": [
        -667.7313842773438,
        330.2107238769531
      ],
      "params": {
        "count_": 58,
        "mode": "FRANGE_COUNT",
        "stop_": 1.0
      },
      "width": 140.0
    },
    "Scripted Node": {
      "bl_idname": "SvScriptNode",
      "color": [
        0.0,
        0.800000011920929,
        0.949999988079071
      ],
      "height": 100.0,
      "hide": false,
      "label": "greace_pencils.py",
      "location": [
        -723.8719482421875,
        111.46813201904297
      ],
      "params": {
        "button_names": "",
        "files_popup": "greace_pencils.py",
        "has_buttons": 0,
        "int_list": [
          0,
          0,
          2,
          3,
          4,
          5,
          6,
          7,
          8,
          9,
          10,
          11,
          12,
          13,
          14,
          15,
          16,
          17,
          18,
          19,
          20,
          21,
          22,
          23,
          24,
          25,
          26,
          27,
          28,
          29,
          30,
          31
        ],
        "script_name": "greace_pencils.py",
        "script_str": "def sv_main(a=0):\n\n    in_sockets = [\n        ['s', 'nothing',  a],\n        ]\n\n    if bpy.data.grease_pencil:\n        verts_out = [[[[p.co[:] for p in str.points] for str in gl.active_frame.strokes] for gl in gp.layers] for gp in bpy.data.grease_pencil]\n    else:\n        verts_out = [[]]\n\n    out_sockets = [\n        ['v', 'verts', verts_out]\n    ]\n\n    return in_sockets, out_sockets\n"
      },
      "width": 166.09466552734375
    },
    "Vector Interpolation mk3": {
      "bl_idname": "SvInterpolationNodeMK3",
      "color": [
        0.6079999804496765,
        0.6079999804496765,
        0.6079999804496765
      ],
      "height": 100.0,
      "hide": false,
      "label": "",
      "location": [
        -431.7939758300781,
        246.34786987304688
      ],
      "params": {},
      "width": 140.0
    },
    "Viewer Draw": {
      "bl_idname": "ViewerNode2",
      "color": [
        0.6284880042076111,
        0.931007981300354,
        1.0
      ],
      "height": 100.0,
      "hide": false,
      "label": "",
      "location": [
        303.3017272949219,
        175.08143615722656
      ],
      "params": {
        "display_verts": 1
      },
      "width": 140.0
    }
  },
  "update_lists": [
    [
      "Scripted Node",
      "verts",
      "Vector Interpolation mk3",
      "Vertices"
    ],
    [
      "Range Float",
      "Range",
      "Vector Interpolation mk3",
      "Interval"
    ],
    [
      "Vector Interpolation mk3",
      "Vertices",
      "Randomize input vertices",
      "Vertices"
    ],
    [
      "Frame infoMK2",
      "Current Frame",
      "Randomize input vertices",
      "Seed"
    ],
    [
      "Randomize input vertices",
      "Vertices",
      "Polyline Viewer MK1",
      "vertices"
    ]
  ]
}