{
  "export_version": "0.063",
  "framed_nodes": {},
  "groups": {},
  "nodes": {
    "Frame info": {
      "bl_idname": "SvFrameInfoNode",
      "color": [
        0.0,
        0.5,
        0.20000000298023224
      ],
      "height": 100.0,
      "hide": false,
      "label": "",
      "location": [
        -978.6621704101562,
        -307.8630676269531
      ],
      "params": {},
      "width": 140.0
    },
    "Int": {
      "bl_idname": "IntegerNode",
      "color": [
        0.6079999804496765,
        0.6079999804496765,
        0.6079999804496765
      ],
      "height": 100.0,
      "hide": false,
      "label": "",
      "location": [
        -714.29541015625,
        -176.1341552734375
      ],
      "params": {
        "int_": 23
      },
      "width": 140.0
    },
    "Line": {
      "bl_idname": "LineNode",
      "color": [
        0.0,
        0.5,
        0.5
      ],
      "height": 100.0,
      "hide": false,
      "label": "",
      "location": [
        -386.53887939453125,
        106.66571807861328
      ],
      "params": {
        "int_": 12,
        "step_": 0.2500000298023224
      },
      "width": 140.0
    },
    "Map Range": {
      "bl_idname": "SvMapRangeNode",
      "color": [
        0.6079999804496765,
        0.6079999804496765,
        0.6079999804496765
      ],
      "height": 100.0,
      "hide": false,
      "label": "",
      "location": [
        205.7523193359375,
        -368.4976501464844
      ],
      "params": {
        "clamp": 1,
        "new_max": 30.0,
        "new_min": -30.0,
        "old_max": 1.0,
        "old_min": -1.0
      },
      "width": 140.0
    },
    "Math": {
      "bl_idname": "ScalarMathNode",
      "color": [
        0.6079999804496765,
        0.6079999804496765,
        0.6079999804496765
      ],
      "height": 100.0,
      "hide": false,
      "label": "",
      "location": [
        -260.85321044921875,
        -288.3013610839844
      ],
      "params": {},
      "width": 140.0
    },
    "Math.001": {
      "bl_idname": "ScalarMathNode",
      "color": [
        0.6079999804496765,
        0.6079999804496765,
        0.6079999804496765
      ],
      "height": 100.0,
      "hide": false,
      "label": "",
      "location": [
        -458.255615234375,
        -260.36785888671875
      ],
      "params": {
        "items_": "MUL",
        "y": 0.10000000149011612
      },
      "width": 140.0
    },
    "Math.002": {
      "bl_idname": "ScalarMathNode",
      "color": [
        0.6079999804496765,
        0.6079999804496765,
        0.6079999804496765
      ],
      "height": 100.0,
      "hide": false,
      "label": "",
      "location": [
        -676.8046875,
        -362.4451904296875
      ],
      "params": {
        "items_": "ADD",
        "y": 0.10000000149011612
      },
      "width": 140.0
    },
    "Math.003": {
      "bl_idname": "ScalarMathNode",
      "color": [
        0.6079999804496765,
        0.6079999804496765,
        0.6079999804496765
      ],
      "height": 100.0,
      "hide": false,
      "label": "",
      "location": [
        -141.88018798828125,
        -485.9172668457031
      ],
      "params": {},
      "width": 140.0
    },
    "Matrix Apply": {
      "bl_idname": "MatrixApplyNode",
      "color": [
        0.6079999804496765,
        0.6079999804496765,
        0.6079999804496765
      ],
      "height": 100.0,
      "hide": false,
      "label": "",
      "location": [
        758.9254150390625,
        -163.65692138671875
      ],
      "params": {},
      "width": 140.0
    },
    "Matrix in": {
      "bl_idname": "MatrixGenNode",
      "color": [
        0.6079999804496765,
        0.6079999804496765,
        0.6079999804496765
      ],
      "height": 100.0,
      "hide": false,
      "label": "",
      "location": [
        -185.94955444335938,
        287.8188171386719
      ],
      "params": {},
      "width": 140.0
    },
    "Matrix in.001": {
      "bl_idname": "MatrixGenNode",
      "color": [
        0.6079999804496765,
        0.6079999804496765,
        0.6079999804496765
      ],
      "height": 100.0,
      "hide": false,
      "label": "",
      "location": [
        489.09100341796875,
        -219.7057342529297
      ],
      "params": {},
      "width": 140.0
    },
    "Range Float": {
      "bl_idname": "SvGenFloatRange",
      "color": [
        0.6079999804496765,
        0.6079999804496765,
        0.6079999804496765
      ],
      "height": 100.0,
      "hide": false,
      "label": "",
      "location": [
        -216.57650756835938,
        -75.72489166259766
      ],
      "params": {
        "mode": "FRANGE_COUNT"
      },
      "width": 140.0
    },
    "Range Float.001": {
      "bl_idname": "SvGenFloatRange",
      "color": [
        0.6079999804496765,
        0.6079999804496765,
        0.6079999804496765
      ],
      "height": 100.0,
      "hide": false,
      "label": "",
      "location": [
        -877.46923828125,
        -478.9647521972656
      ],
      "params": {
        "count_": 10,
        "mode": "FRANGE_STEP",
        "step_": 6.340000152587891
      },
      "width": 140.0
    },
    "UV Connection": {
      "bl_idname": "LineConnectNodeMK2",
      "color": [
        0.6079999804496765,
        0.6079999804496765,
        0.6079999804496765
      ],
      "height": 100.0,
      "hide": false,
      "label": "",
      "location": [
        991.9044799804688,
        -20.345951080322266
      ],
      "params": {
        "dir_check": "V_dir",
        "polygons": "Edges",
        "slice_check": 0
      },
      "width": 140.0
    },
    "Vector Drop": {
      "bl_idname": "VectorDropNode",
      "color": [
        0.6079999804496765,
        0.6079999804496765,
        0.6079999804496765
      ],
      "height": 100.0,
      "hide": false,
      "label": "",
      "location": [
        91.64188385009766,
        189.70118713378906
      ],
      "params": {},
      "width": 140.0
    },
    "Vector Math": {
      "bl_idname": "VectorMathNode",
      "color": [
        0.6079999804496765,
        0.6079999804496765,
        0.6079999804496765
      ],
      "height": 100.0,
      "hide": false,
      "label": "ADD",
      "location": [
        146.2461700439453,
        -76.12648010253906
      ],
      "params": {
        "items_": "ADD",
        "scalar_output_socket": 0
      },
      "width": 140.0
    },
    "Vector X | Y | Z MK2": {
      "bl_idname": "SvAxisInputNodeMK2",
      "color": [
        0.6079999804496765,
        0.6079999804496765,
        0.6079999804496765
      ],
      "height": 100.0,
      "hide": false,
      "label": "",
      "location": [
        184.47019958496094,
        -249.68890380859375
      ],
      "params": {
        "axis_x": "1",
        "axis_y": "0",
        "axis_z": "0"
      },
      "width": 192.54327392578125
    },
    "Vector in": {
      "bl_idname": "GenVectorsNode",
      "color": [
        0.6079999804496765,
        0.6079999804496765,
        0.6079999804496765
      ],
      "height": 100.0,
      "hide": false,
      "label": "",
      "location": [
        -344.2621154785156,
        278.0295104980469
      ],
      "params": {},
      "width": 100.0
    },
    "Vector in.001": {
      "bl_idname": "GenVectorsNode",
      "color": [
        0.6079999804496765,
        0.6079999804496765,
        0.6079999804496765
      ],
      "height": 100.0,
      "hide": false,
      "label": "",
      "location": [
        -40.20228576660156,
        -95.43246459960938
      ],
      "params": {},
      "width": 100.0
    },
    "Vector in.002": {
      "bl_idname": "GenVectorsNode",
      "color": [
        0.6079999804496765,
        0.6079999804496765,
        0.6079999804496765
      ],
      "height": 100.0,
      "hide": false,
      "label": "",
      "location": [
        -0.7984428405761719,
        -257.576904296875
      ],
      "params": {
        "x_": -0.23999999463558197,
        "y_": 0.32999998331069946,