{
  "export_version": "0.063",
  "framed_nodes": {},
  "groups": {},
  "nodes": {
    "Cylinder": {
      "bl_idname": "CylinderNode",
      "color": [
        0.0,
        0.5,
        0.5
      ],
      "height": 100.0,
      "hide": false,
      "label": "",
      "location": [
        33.459327697753906,
        -51.313751220703125
      ],
      "params": {
        "height_": 21.169998168945312,
        "radBot_": 0.019999999552965164,
        "radTop_": 0.019999999552965164,
        "subd_": 300,
        "vert_": 8
      },
      "width": 140.0
    },
    "Float": {
      "bl_idname": "FloatNode",
      "color": [
        0.6079999804496765,
        0.6079999804496765,
        0.6079999804496765
      ],
      "height": 100.0,
      "hide": false,
      "label": "",
      "location": [
        -805.4000854492188,
        -293.8380126953125
      ],
      "params": {
        "float_": 21.8799991607666
      },
      "width": 140.0
    },
    "Float.001": {
      "bl_idname": "FloatNode",
      "color": [
        0.6079999804496765,
        0.6079999804496765,
        0.6079999804496765
      ],
      "height": 100.0,
      "hide": false,
      "label": "",
      "location": [
        218.48995971679688,
        296.86090087890625
      ],
      "params": {
        "float_": 0.30000001192092896
      },
      "width": 140.0
    },
    "Math": {
      "bl_idname": "ScalarMathNode",
      "color": [
        0.6079999804496765,
        0.6079999804496765,
        0.6079999804496765
      ],
      "height": 100.0,
      "hide": false,
      "label": "",
      "location": [
        -579.65771484375,
        -181.36244201660156
      ],
      "params": {
        "items_": "ADD",
        "y": 4.0
      },
      "width": 140.0
    },
    "Math.001": {
      "bl_idname": "ScalarMathNode",
      "color": [
        0.6079999804496765,
        0.6079999804496765,
        0.6079999804496765
      ],
      "height": 100.0,
      "hide": false,
      "label": "",
      "location": [
        -588.266845703125,
        -334.348876953125
      ],
      "params": {
        "items_": "ADD",
        "y": 20.0
      },
      "width": 140.0
    },
    "Matrix in": {
      "bl_idname": "MatrixGenNode",
      "color": [
        0.6079999804496765,
        0.6079999804496765,
        0.6079999804496765
      ],
      "height": 100.0,
      "hide": false,
      "label": "",
      "location": [
        699.5953369140625,
        -273.19549560546875
      ],
      "params": {},
      "width": 140.0
    },
    "Random Num Gen": {
      "bl_idname": "SvRndNumGen",
      "color": [
        0.6079999804496765,
        0.6079999804496765,
        0.6079999804496765
      ],
      "height": 100.0,
      "hide": false,
      "label": "",
      "location": [
        -282.6690673828125,
        -147.34927368164062
      ],
      "params": {
        "high_f": 11.319999694824219,
        "low_f": 7.139999866485596,
        "size": 50,
        "type_selected_mode": "Float"
      },
      "width": 140.0
    },
    "Random Vector MK2": {
      "bl_idname": "RandomVectorNodeMK2",
      "color": [
        0.0,
        0.5,
        0.5
      ],
      "height": 100.0,
      "hide": false,
      "label": "",
      "location": [
        523.4038696289062,
        -283.47119140625
      ],
      "params": {
        "count_inner": 50,
        "scale": 0.15000000596046448
      },
      "width": 140.0
    },
    "Range Int": {
      "bl_idname": "GenListRangeIntNode",
      "color": [
        0.6079999804496765,
        0.6079999804496765,
        0.6079999804496765
      ],
      "height": 100.0,
      "hide": false,
      "label": "",
      "location": [
        5.5297088623046875,
        163.38504028320312
      ],
      "params": {
        "count_": 50,
        "mode": "COUNTRANGE",
        "start_": 0
      },
      "width": 140.0
    },
    "Vector Math": {
      "bl_idname": "VectorMathNode",
      "color": [
        0.6079999804496765,
        0.6079999804496765,
        0.6079999804496765
      ],
      "height": 100.0,
      "hide": false,
      "label": "ADD",
      "location": [
        623.07470703125,
        89.19627380371094
      ],
      "params": {
        "items_": "ADD",
        "scalar_output_socket": 0
      },
      "width": 140.0
    },
    "Vector Math.001": {
      "bl_idname": "VectorMathNode",
      "color": [
        0.6079999804496765,
        0.6079999804496765,
        0.6079999804496765
      ],
      "height": 100.0,
      "hide": false,
      "label": "SCALAR",
      "location": [
        464.364990234375,
        165.65765380859375
      ],
      "params": {
        "items_": "SCALAR",
        "scalar_output_socket": 0
      },
      "width": 140.0
    },
    "Vector Noise MK2": {
      "bl_idname": "SvNoiseNodeMK2",
      "color": [
        0.6079999804496765,
        0.6079999804496765,
        0.6079999804496765
      ],
      "height": 100.0,
      "hide": false,
      "label": "",
      "location": [
        244.364990234375,
        139.07601928710938
      ],
      "params": {
        "seed": 1
      },
      "width": 140.0
    },
    "Viewer BMeshMK2": {
      "bl_idname": "SvBmeshViewerNodeMK2",
      "color": [
        1.0,
        0.30000001192092896,
        0.0
      ],
      "height": 100.0,
      "hide": true,
      "label": "",
      "location": [
        889.0820922851562,
        42.633689880371094
      ],
      "params": {
        "basemesh_name": "Alpha",
        "lp": [
          0,
          0,
          0,
          0,
          0,
          0,
          0,
          0,
          0,
          0,
          0,
          0,
          0,
          0,
          0,
          0,
          0,
          0,
          0,
          0
        ],
        "merge": 1
      },
      "width": 140.0
    }
  },
  "update_lists": [
    [
      "Random Vector MK2",
      "Random",
      "Matrix in",
      "Location"
    ],
    [
      "Float",
      "Float",
      "Math.001",
      "X"
    ],
    [
      "Float",
      "Float",
      "Math",
      "X"
    ],
    [
      "Math",
      "float",
      "Random Num Gen",
      "Low"
    ],
    [
      "Math.001",
      "float",
      "Random Num Gen",
      "High"
    ],
    [
      "Random Num Gen",
      "Value",
      "Cylinder",
      "Height"
    ],
    [
      "Cylinder",
      "Vertices",
      "Vector Noise MK2",
      "Vertices"
    ],
    [
      "Range Int",
      "Range",
      "Vector Noise MK2",
      "Seed"
    ],
    [
      "Vector Noise MK2",
      "Noise V",
      "Vector Math.001",
      "U"
    ],
    [
      "Float.001",
      "Float",
      "Vector Math.001",
      "S"
    ],
    [
      "Vector Math.001",
      "W",
      "Vector Math",
      "U"
    ],
    [
      "Cylinder",
      "Vertices",
      "Vector Math",
      "V"
    ],
    [
      "Vector Math",
      "W",
      "Viewer BMeshMK2",
      "vertices"
    ],
    [
      "Cylinder",
      "Polygons",
      "Viewer BMeshMK2",
      "faces"
    ],
    [
      "Matrix in",
      "Matrix",
      "Viewer BMeshMK2",
      "matrix"
    ]
  ]
}