{
  "export_version": "0.062",
  "framed_nodes": {},
  "groups": {},
  "nodes": {
    "Apply matrix to mesh": {
      "bl_idname": "SvMatrixApplyJoinNode",
      "color": [
        0.6079999804496765,
        0.6079999804496765,
        0.6079999804496765
      ],
      "height": 100.0,
      "hide": false,
      "label": "",
      "location": [
        1097.0631103515625,
        283.467041015625
      ],
      "params": {
        "do_join": 1
      },
      "width": 140.0
    },
    "Circle": {
      "bl_idname": "SvCircleNode",
      "color": [
        0.0,
        0.5,
        0.5
      ],
      "height": 100.0,
      "hide": false,
      "label": "",
      "location": [
        -742.8111572265625,
        171.86236572265625
      ],
      "params": {
        "rad_": 2.5,
        "vert_": 4
      },
      "width": 140.0
    },
    "Fill Holes": {
      "bl_idname": "SvFillsHoleNode",
      "color": [
        0.6079999804496765,
        0.6079999804496765,
        0.6079999804496765
      ],
      "height": 100.0,
      "hide": false,
      "label": "",
      "location": [
        1756.31640625,
        437.6156311035156
      ],
      "params": {
        "sides": 8
      },
      "width": 140.0
    },
    "Frame info": {
      "bl_idname": "SvFrameInfoNode",
      "color": [
        0.0,
        0.5,
        0.20000000298023224
      ],
      "height": 100.0,
      "hide": false,
      "label": "",
      "location": [
        -650.785888671875,
        440.8912658691406
      ],
      "params": {},
      "width": 140.0
    },
    "Frame info.001": {
      "bl_idname": "SvFrameInfoNode",
      "color": [
        0.0,
        0.5,
        0.20000000298023224
      ],
      "height": 100.0,
      "hide": false,
      "label": "",
      "location": [
        1389.1563720703125,
        -63.67620849609375
      ],
      "params": {},
      "width": 140.0
    },
    "Int": {
      "bl_idname": "IntegerNode",
      "color": [
        0.6079999804496765,
        0.6079999804496765,
        0.6079999804496765
      ],
      "height": 100.0,
      "hide": false,
      "label": "",
      "location": [
        2125.357421875,
        179.17420959472656
      ],
      "params": {
        "int_": 400
      },
      "width": 100.0
    },
    "Intersect Edges": {
      "bl_idname": "SvIntersectEdgesNode",
      "color": [
        0.6079999804496765,
        0.6079999804496765,
        0.6079999804496765
      ],
      "height": 100.0,
      "hide": false,
      "label": "",
      "location": [
        1319.346435546875,
        290.6058349609375
      ],
      "params": {},
      "width": 140.0
    },
    "List Item": {
      "bl_idname": "ListItem2Node",
      "color": [
        0.6079999804496765,
        0.6079999804496765,
        0.6079999804496765
      ],
      "height": 100.0,
      "hide": false,
      "label": "",
      "location": [
        1901.9541015625,
        149.64512634277344
      ],
      "params": {
        "item": 0
      },
      "width": 140.0
    },
    "List Item.001": {
      "bl_idname": "ListItem2Node",
      "color": [
        0.6079999804496765,
        0.6079999804496765,
        0.6079999804496765
      ],
      "height": 100.0,
      "hide": false,
      "label": "",
      "location": [
        1968.098388671875,
        -38.72804260253906
      ],
      "params": {
        "item": 1
      },
      "width": 140.0
    },
    "List Item.002": {
      "bl_idname": "ListItem2Node",
      "color": [
        0.6079999804496765,
        0.6079999804496765,
        0.6079999804496765
      ],
      "height": 100.0,
      "hide": false,
      "label": "",
      "location": [
        1959.2791748046875,
        -250.6478729248047
      ],
      "params": {
        "item": 2
      },
      "width": 140.0
    },
    "List Length": {
      "bl_idname": "ListLengthNode",
      "color": [
        0.6079999804496765,
        0.6079999804496765,
        0.6079999804496765
      ],
      "height": 100.0,
      "hide": false,
      "label": "",
      "location": [
        2240.29736328125,
        743.1237182617188
      ],
      "params": {
        "level": 1
      },
      "width": 140.0
    },
    "List Length.001": {
      "bl_idname": "ListLengthNode",
      "color": [
        0.6079999804496765,
        0.6079999804496765,
        0.6079999804496765
      ],
      "height": 100.0,
      "hide": true,
      "label": "",
      "location": [
        103.91217041015625,
        13.218406677246094
      ],
      "params": {},
      "width": 140.0
    },
    "List Length.002": {
      "bl_idname": "ListLengthNode",
      "color": [
        0.6079999804496765,
        0.6079999804496765,
        0.6079999804496765
      ],
      "height": 100.0,
      "hide": true,
      "label": "",
      "location": [
        -527.1015625,
        196.6894989013672
      ],
      "params": {},
      "width": 140.0
    },
    "List Length.003": {
      "bl_idname": "ListLengthNode",
      "color": [
        0.6079999804496765,
        0.6079999804496765,
        0.6079999804496765
      ],
      "height": 100.0,
      "hide": false,
      "label": "",
      "location": [
        2962.54931640625,
        729.6019287109375
      ],
      "params": {
        "level": 1
      },
      "width": 140.0
    },
    "List Repeater.001": {
      "bl_idname": "ListRepeaterNode",
      "color": [
        0.6079999804496765,
        0.6079999804496765,
        0.6079999804496765
      ],
      "height": 100.0,
      "hide": false,
      "label": "",
      "location": [
        756.9445190429688,
        210.84152221679688
      ],
      "params": {
        "level": 1,
        "number": 14,
        "unwrap": 1
      },
      "width": 140.0
    },
    "List Shuffle": {
      "bl_idname": "ListShuffleNode",
      "color": [
        0.6079999804496765,
        0.6079999804496765,
        0.6079999804496765
      ],
      "height": 100.0,
      "hide": false,
      "label": "",
      "location": [
        3009.1826171875,
        609.0202026367188
      ],
      "params": {
        "level": 2,
        "seed": 111
      },
      "width": 140.0
    },
    "Matrix in": {
      "bl_idname": "MatrixGenNode",
      "color": [
        0.6079999804496765,
        0.6079999804496765,
        0.6079999804496765
      ],
      "height": 100.0,
      "hide": false,
      "label": "",
      "location": [
        380.60601806640625,
        -94.54843139648438
      ],
      "params": {},
      "width": 140.0
    },
    "Plane": {
      "bl_idname": "PlaneNode",
      "color": [
        0.0,
        0.5,
        0.5
      ],
      "height": 100.0,
      "hide": false,
      "label": "",
      "location": [
        -156.98509216308594,
        -34.406898498535156
      ],
      "params": {
        "int_X": 10,
        "int_Y": 5,
        "step_X": 1.0,
        "step_Y": 2.1399998664855957
      },
      "width": 140.0
    },
    "Random Num Gen": {
      "bl_idname": "SvRndNumGen",
      "color": [
        0.6079999804496765,
        0.6079999804496765,
        0.6079999804496765
      ],
      "height": 100.0,
      "hide": false,
      "label": "",
      "location": [
        -358.5850524902344,
        490.4249572753906
      ],
      "params": {
        "high_i": 85,
        "low_i": 12,
        "seed": 256,
        "size": 16
      },
      "width": 186.53070068359375
    },
    "Random Num Gen.001": {
      "bl_idname": "SvRndNumGen",
      "color": [
        0.6079999804496765,
        0.6079999804496765,
        0.6079999804496765
      ],
      "height": 100.0,
      "hide": false,
      "label": "",
      "location": [
        2555.704833984375,
        444.8474426269531
      ],
      "params": {
        "low_f": 0.0,
        "seed": 33,
        "size": 2,
        "type_selected_mode": "Float"
      },
      "width": 198.16845703125
    },
    "Random Num Gen.002": {
      "bl_idname": "SvRndNumGen",