{
  "export_version": "0.062",
  "framed_nodes": {},
  "groups": {},
  "nodes": {
    "Circle": {
      "bl_idname": "SvCircleNode",
      "color": [
        0.0,
        0.5,
        0.5
      ],
      "height": 100.0,
      "hide": false,
      "label": "",
      "location": [
        -204.51084899902344,
        233.09486389160156
      ],
      "params": {
        "rad_": 2.5,
        "vert_": 4
      },
      "width": 140.0
    },
    "Int": {
      "bl_idname": "IntegerNode",
      "color": [
        0.6079999804496765,
        0.6079999804496765,
        0.6079999804496765
      ],
      "height": 100.0,
      "hide": false,
      "label": "",
      "location": [
        -603.1466064453125,
        314.018798828125
      ],
      "params": {
        "int_": 4
      },
      "width": 140.0
    },
    "List Length": {
      "bl_idname": "ListLengthNode",
      "color": [
        0.6079999804496765,
        0.6079999804496765,
        0.6079999804496765
      ],
      "height": 100.0,
      "hide": true,
      "label": "",
      "location": [
        159.37095642089844,
        6.140045166015625
      ],
      "params": {},
      "width": 140.0
    },
    "List Repeater": {
      "bl_idname": "ListRepeaterNode",
      "color": [
        0.6079999804496765,
        0.6079999804496765,
        0.6079999804496765
      ],
      "height": 100.0,
      "hide": false,
      "label": "",
      "location": [
        557.696533203125,
        129.07485961914062
      ],
      "params": {
        "level": 1,
        "unwrap": 1
      },
      "width": 138.28228759765625
    },
    "Matrix in": {
      "bl_idname": "MatrixGenNode",
      "color": [
        0.6079999804496765,
        0.6079999804496765,
        0.6079999804496765
      ],
      "height": 100.0,
      "hide": false,
      "label": "",
      "location": [
        518.4935302734375,
        -103.54608917236328
      ],
      "params": {},
      "width": 140.0
    },
    "Plane": {
      "bl_idname": "PlaneNode",
      "color": [
        0.0,
        0.5,
        0.5
      ],
      "height": 100.0,
      "hide": false,
      "label": "",
      "location": [
        -79.18817138671875,
        -34.57939147949219
      ],
      "params": {
        "int_X": 9,
        "int_Y": 11,
        "step_X": 3.18999981880188,
        "step_Y": 2.8899998664855957
      },
      "width": 140.0
    },
    "Random Num Gen": {
      "bl_idname": "SvRndNumGen",
      "color": [
        0.6079999804496765,
        0.6079999804496765,
        0.6079999804496765
      ],
      "height": 100.0,
      "hide": false,
      "label": "",
      "location": [
        75.9256820678711,
        409.75396728515625
      ],
      "params": {
        "high_i": 26,
        "seed": 82,
        "type_selected_mode": "Int"
      },
      "width": 140.0
    },
    "Random Vector MK2": {
      "bl_idname": "RandomVectorNodeMK2",
      "color": [
        0.0,
        0.5,
        0.5
      ],
      "height": 100.0,
      "hide": false,
      "label": "",
      "location": [
        340.28350830078125,
        538.9765625
      ],
      "params": {
        "count_inner": 4,
        "scale": 0.75,
        "seed": 11
      },
      "width": 140.0
    },
    "Vector Math": {
      "bl_idname": "VectorMathNode",
      "color": [
        0.6079999804496765,
        0.6079999804496765,
        0.6079999804496765
      ],
      "height": 100.0,
      "hide": false,
      "label": "ADD",
      "location": [
        574.4522094726562,
        409.1427307128906
      ],
      "params": {
        "items_": "ADD",
        "scalar_output_socket": 0
      },
      "width": 140.0
    },
    "Vector in": {
      "bl_idname": "GenVectorsNode",
      "color": [
        0.6079999804496765,
        0.6079999804496765,
        0.6079999804496765
      ],
      "height": 100.0,
      "hide": false,
      "label": "",
      "location": [
        1055.3778076171875,
        370.545654296875
      ],
      "params": {},
      "width": 100.0
    },
    "Vector out": {
      "bl_idname": "VectorsOutNode",
      "color": [
        0.6079999804496765,
        0.6079999804496765,
        0.6079999804496765
      ],
      "height": 100.0,
      "hide": false,
      "label": "",
      "location": [
        845.39404296875,
        373.3053894042969
      ],
      "params": {},
      "width": 149.5341796875
    },
    "Viewer Draw.002": {
      "bl_idname": "ViewerNode2",
      "color": [
        1.0,
        0.30000001192092896,
        0.0
      ],
      "height": 100.0,
      "hide": false,
      "label": "",
      "location": [
        1241.2481689453125,
        341.87060546875
      ],
      "params": {
        "activate": 1,
        "display_verts": 0
      },
      "width": 140.0
    }
  },
  "update_lists": [
    [
      "Int",
      "Integer",
      "Circle",
      "N\u00ba Vertices"
    ],
    [
      "Plane",
      "Vertices",
      "Matrix in",
      "Location"
    ],
    [
      "Plane",
      "Vertices",
      "List Length",
      "Data"
    ],
    [
      "List Length",
      "Length",
      "Random Num Gen",
      "Size"
    ],
    [
      "Int",
      "Integer",
      "Random Vector MK2",
      "Count"
    ],
    [
      "Random Num Gen",
      "Value",
      "Random Vector MK2",
      "Seed"
    ],
    [
      "Circle",
      "Vertices",
      "Vector Math",
      "U"
    ],
    [
      "Random Vector MK2",
      "Random",
      "Vector Math",
      "V"
    ],
    [
      "Vector Math",
      "W",
      "Vector out",
      "Vectors"
    ],
    [
      "Vector out",
      "X",
      "Vector in",
      "X"
    ],
    [
      "Vector out",
      "Y",
      "Vector in",
      "Y"
    ],
    [
      "Circle",
      "Edges",
      "List Repeater",
      "Data"
    ],
    [
      "List Length",
      "Length",
      "List Repeater",
      "Number"
    ],
    [
      "Vector in",
      "Vectors",
      "Viewer Draw.002",
      "vertices"
    ],
    [
      "List Repeater",
      "Data",
      "Viewer Draw.002",
      "edg_pol"
    ],
    [
      "Matrix in",
      "Matrix",
      "Viewer Draw.002",
      "matrix"
    ]
  ]
}