{
  "export_version": "0.063",
  "framed_nodes": {},
  "groups": {},
  "nodes": {
    "Frame info": {
      "bl_idname": "SvFrameInfoNode",
      "color": [
        0.0,
        0.5,
        0.20000000298023224
      ],
      "height": 100.0,
      "hide": false,
      "label": "",
      "location": [
        -1805.648681640625,
        -485.6231994628906
      ],
      "params": {},
      "width": 140.0
    },
    "Int": {
      "bl_idname": "IntegerNode",
      "color": [
        0.6079999804496765,
        0.6079999804496765,
        0.6079999804496765
      ],
      "height": 100.0,
      "hide": false,
      "label": "",
      "location": [
        -1431.24072265625,
        -312.60980224609375
      ],
      "params": {
        "int_": 30
      },
      "width": 140.0
    },
    "Line": {
      "bl_idname": "LineNode",
      "color": [
        0.0,
        0.5,
        0.5
      ],
      "height": 100.0,
      "hide": false,
      "label": "",
      "location": [
        -364.048095703125,
        4.315876007080078
      ],
      "params": {
        "int_": 20,
        "step_": 1.0899999141693115
      },
      "width": 140.0
    },
    "Line.001": {
      "bl_idname": "LineNode",
      "color": [
        0.0,
        0.5,
        0.5
      ],
      "height": 100.0,
      "hide": false,
      "label": "",
      "location": [
        -954.9931030273438,
        -124.34719848632812
      ],
      "params": {
        "int_": 15
      },
      "width": 140.0
    },
    "List Repeater": {
      "bl_idname": "ListRepeaterNode",
      "color": [
        0.6079999804496765,
        0.6079999804496765,
        0.6079999804496765
      ],
      "height": 100.0,
      "hide": false,
      "label": "",
      "location": [
        118.32936096191406,
        22.992706298828125
      ],
      "params": {
        "number": 30,
        "unwrap": 1
      },
      "width": 140.0
    },
    "Map Range": {
      "bl_idname": "SvMapRangeNode",
      "color": [
        0.6079999804496765,
        0.6079999804496765,
        0.6079999804496765
      ],
      "height": 100.0,
      "hide": false,
      "label": "",
      "location": [
        64.17206573486328,
        -376.91455078125
      ],
      "params": {
        "new_max": 30.0,
        "new_min": -30.0,
        "old_min": -1.0
      },
      "width": 140.0
    },
    "Math": {
      "bl_idname": "ScalarMathNode",
      "color": [
        0.6079999804496765,
        0.6079999804496765,
        0.6079999804496765
      ],
      "height": 100.0,
      "hide": false,
      "label": "",
      "location": [
        -390.59332275390625,
        -372.4165954589844
      ],
      "params": {},
      "width": 140.0
    },
    "Math.001": {
      "bl_idname": "ScalarMathNode",
      "color": [
        0.6079999804496765,
        0.6079999804496765,
        0.6079999804496765
      ],
      "height": 100.0,
      "hide": false,
      "label": "",
      "location": [
        -593.910400390625,
        -400.80499267578125
      ],
      "params": {
        "items_": "MUL",
        "y": 0.23000000417232513
      },
      "width": 140.0
    },
    "Math.002": {
      "bl_idname": "ScalarMathNode",
      "color": [
        0.6079999804496765,
        0.6079999804496765,
        0.6079999804496765
      ],
      "height": 100.0,
      "hide": false,
      "label": "",
      "location": [
        -779.5537719726562,
        -404.66400146484375
      ],
      "params": {
        "items_": "ADD",
        "y": 0.10000000149011612
      },
      "width": 140.0
    },
    "Math.003": {
      "bl_idname": "ScalarMathNode",
      "color": [
        0.6079999804496765,
        0.6079999804496765,
        0.6079999804496765
      ],
      "height": 100.0,
      "hide": false,
      "label": "",
      "location": [
        -411.8974914550781,
        -653.1165161132812
      ],
      "params": {},
      "width": 140.0
    },
    "Math.004": {
      "bl_idname": "ScalarMathNode",
      "color": [
        0.6079999804496765,
        0.6079999804496765,
        0.6079999804496765
      ],
      "height": 100.0,
      "hide": false,
      "label": "",
      "location": [
        -576.5175170898438,
        -652.3472290039062
      ],
      "params": {
        "items_": "MUL",
        "y": 0.3699999749660492
      },
      "width": 140.0
    },
    "Math.005": {
      "bl_idname": "ScalarMathNode",
      "color": [
        0.6079999804496765,
        0.6079999804496765,
        0.6079999804496765
      ],
      "height": 100.0,
      "hide": false,
      "label": "",
      "location": [
        -757.0073852539062,
        -663.0919799804688
      ],
      "params": {
        "items_": "ADD",
        "y": 0.10000000149011612
      },
      "width": 140.0
    },
    "Math.006": {
      "bl_idname": "ScalarMathNode",
      "color": [
        0.6079999804496765,
        0.6079999804496765,
        0.6079999804496765
      ],
      "height": 100.0,
      "hide": false,
      "label": "",
      "location": [
        -1263.1131591796875,
        -594.8951416015625
      ],
      "params": {
        "items_": "ADD",
        "y": 63.81999588012695
      },
      "width": 140.0
    },
    "Matrix Apply": {
      "bl_idname": "MatrixApplyNode",
      "color": [
        0.6079999804496765,
        0.6079999804496765,
        0.6079999804496765
      ],
      "height": 100.0,
      "hide": false,
      "label": "",
      "location": [
        813.6838989257812,
        -95.51397705078125
      ],
      "params": {},
      "width": 140.0
    },
    "Matrix in": {
      "bl_idname": "MatrixGenNode",
      "color": [
        0.6079999804496765,
        0.6079999804496765,
        0.6079999804496765
      ],
      "height": 100.0,
      "hide": false,
      "label": "",
      "location": [
        -354.79925537109375,
        188.59974670410156
      ],
      "params": {},
      "width": 140.0
    },
    "Matrix in.001": {
      "bl_idname": "MatrixGenNode",
      "color": [
        0.6079999804496765,
        0.6079999804496765,
        0.6079999804496765
      ],
      "height": 100.0,
      "hide": false,
      "label": "",
      "location": [
        492.8387756347656,
        -310.2565002441406
      ],
      "params": {},
      "width": 140.0
    },
    "Random Num Gen": {
      "bl_idname": "SvRndNumGen",
      "color": [
        0.6079999804496765,
        0.6079999804496765,
        0.6079999804496765
      ],
      "height": 100.0,
      "hide": false,
      "label": "",
      "location": [
        -1525.587646484375,
        -685.9021606445312
      ],
      "params": {
        "high_f": 54.900001525878906,
        "low_f": 1.0,
        "seed": 183,
        "size": 30,
        "type_selected_mode": "Float"
      },
      "width": 140.0
    },
    "Randomize input vertices": {
      "bl_idname": "SvRandomizeVerticesNode",
      "color": [
        0.6079999804496765,
        0.6079999804496765,
        0.6079999804496765
      ],
      "height": 100.0,
      "hide": false,
      "label": "",
      "location": [
        404.64691162109375,
        227.20973205566406
      ],
      "params": {
        "random_seed_": 6,
        "random_x_": 0.6899999380111694,
        "random_y_": 0.47999998927116394,
        "random_z_": 0.5699999928474426
      },
      "width": 140.0
    },
    "Range Float": {
      "bl_idname": "SvGenFloatRange",
      "color": [
        0.6079999804496765,
        0.6079999804496765,
        0.6079999804496765
      ],
      "height": 100.0,
      "hide": false,
      "label": "",
      "location": [
        -989.1820678710938,
        -500.48419189453125
      ],
      "params": {
        "count_": 30,
        "mode": "FRANGE_STEP",
        "step_": 4.0,
        "stop_": 91.50999450683594
      },
      "width": 140.0
    },
    "Range Float.001": {
      "bl_idname": "SvGenFloatRange",
      "color": [
        0.6079999804496765,
        0.6079999804496765,
        0.6079999804496765
      ],
      "height": 100.0,