{
  "export_version": "0.063",
  "framed_nodes": {
    "Int": "Frame"
  },
  "groups": {},
  "nodes": {
    "Easing 0..1": {
      "bl_idname": "SvEasingNode",
      "color": [
        0.6079999804496765,
        0.6079999804496765,
        0.6079999804496765
      ],
      "height": 100.0,
      "hide": false,
      "label": "",
      "location": [
        -381.4862976074219,
        854.216552734375
      ],
      "params": {},
      "width": 167.19219970703125
    },
    "Frame": {
      "bl_idname": "NodeFrame",
      "color": [
        0.6079999804496765,
        0.6079999804496765,
        0.6079999804496765
      ],
      "height": 130.6260986328125,
      "hide": false,
      "label": "",
      "location": [
        -281.0799865722656,
        -16.434951782226562
      ],
      "params": {},
      "width": 200.0
    },
    "Frame info": {
      "bl_idname": "SvFrameInfoNode",
      "color": [
        0.0,
        0.5,
        0.20000000298023224
      ],
      "height": 100.0,
      "hide": false,
      "label": "",
      "location": [
        -1010.4171142578125,
        315.7515563964844
      ],
      "params": {},
      "width": 140.0
    },
    "Int": {
      "bl_idname": "IntegerNode",
      "color": [
        0.6079999804496765,
        0.6079999804496765,
        0.6079999804496765
      ],
      "height": 100.0,
      "hide": false,
      "label": "",
      "location": [
        -1046.16943359375,
        509.06103515625
      ],
      "params": {
        "int_": 146
      },
      "width": 140.0
    },
    "List Split": {
      "bl_idname": "SvListSplitNode",
      "color": [
        0.6079999804496765,
        0.6079999804496765,
        0.6079999804496765
      ],
      "height": 100.0,
      "hide": false,
      "label": "",
      "location": [
        -125.59671020507812,
        529.1334838867188
      ],
      "params": {
        "level": 1,
        "level_unwrap": 1,
        "split": 1,
        "unwrap": 1
      },
      "width": 140.0
    },
    "List Split.001": {
      "bl_idname": "SvListSplitNode",
      "color": [
        0.6079999804496765,
        0.6079999804496765,
        0.6079999804496765
      ],
      "height": 100.0,
      "hide": false,
      "label": "",
      "location": [
        282.7490234375,
        484.23297119140625
      ],
      "params": {
        "level": 1,
        "level_unwrap": 1,
        "split": 1,
        "unwrap": 1
      },
      "width": 140.0
    },
    "List Split.002": {
      "bl_idname": "SvListSplitNode",
      "color": [
        0.6079999804496765,
        0.6079999804496765,
        0.6079999804496765
      ],
      "height": 100.0,
      "hide": false,
      "label": "",
      "location": [
        265.4041748046875,
        758.248046875
      ],
      "params": {
        "level": 1,
        "level_unwrap": 1,
        "split": 1,
        "unwrap": 1
      },
      "width": 140.0
    },
    "Map Range": {
      "bl_idname": "SvMapRangeNode",
      "color": [
        0.6079999804496765,
        0.6079999804496765,
        0.6079999804496765
      ],
      "height": 100.0,
      "hide": false,
      "label": "",
      "location": [
        -349.6777648925781,
        366.40289306640625
      ],
      "params": {
        "clamp": 1,
        "new_max": 1.0,
        "old_max": 20.0,
        "old_min": 0.0
      },
      "width": 140.0
    },
    "Math": {
      "bl_idname": "ScalarMathNode",
      "color": [
        0.6079999804496765,
        0.6079999804496765,
        0.6079999804496765
      ],
      "height": 100.0,
      "hide": false,
      "label": "",
      "location": [
        -578.7293090820312,
        283.56109619140625
      ],
      "params": {
        "items_": "ADD"
      },
      "width": 140.0
    },
    "Math.001": {
      "bl_idname": "ScalarMathNode",
      "color": [
        0.6079999804496765,
        0.6079999804496765,
        0.6079999804496765
      ],
      "height": 100.0,
      "hide": false,
      "label": "",
      "location": [
        -833.5289916992188,
        317.8539733886719
      ],
      "params": {
        "items_": "ADD",
        "y": -33.40998840332031
      },
      "width": 140.0
    },
    "Random Num Gen": {
      "bl_idname": "SvRndNumGen",
      "color": [
        0.6079999804496765,
        0.6079999804496765,
        0.6079999804496765
      ],
      "height": 100.0,
      "hide": false,
      "label": "",
      "location": [
        -758.0577392578125,
        178.806396484375
      ],
      "params": {
        "high_f": 11.229999542236328,
        "high_i": 20,
        "low_f": -9.899999618530273,
        "low_i": -20,
        "seed": 55,
        "type_selected_mode": "Float"
      },
      "width": 140.0
    },
    "Random Vector MK2": {
      "bl_idname": "RandomVectorNodeMK2",
      "color": [
        0.0,
        0.5,
        0.5
      ],
      "height": 100.0,
      "hide": false,
      "label": "",
      "location": [
        -15.68121337890625,
        737.3269653320312
      ],
      "params": {
        "count_inner": 10,
        "scale": 9.220000267028809
      },
      "width": 140.0
    },
    "Random Vector MK2.001": {
      "bl_idname": "RandomVectorNodeMK2",
      "color": [
        0.0,
        0.5,
        0.5
      ],
      "height": 100.0,
      "hide": false,
      "label": "",
      "location": [
        107.51197052001953,
        386.5830993652344
      ],
      "params": {
        "count_inner": 10,
        "scale": 15.579999923706055,
        "seed": 82
      },
      "width": 140.0
    },
    "Range Float": {
      "bl_idname": "SvGenFloatRange",
      "color": [
        0.6079999804496765,
        0.6079999804496765,
        0.6079999804496765
      ],
      "height": 100.0,
      "hide": false,
      "label": "",
      "location": [
        -1048.4998779296875,
        73.38806915283203
      ],
      "params": {
        "mode": "FRANGE_STEP",
        "step_": 15.039999961853027,
        "stop_": 120.33999633789062
      },
      "width": 140.0
    },
    "Vector Evaluate": {
      "bl_idname": "EvaluateLineNode",
      "color": [
        0.6079999804496765,
        0.6079999804496765,
        0.6079999804496765
      ],
      "height": 100.0,
      "hide": false,
      "label": "",
      "location": [
        550.9628295898438,
        629.7999267578125
      ],
      "params": {
        "factor_": 1.0
      },
      "width": 140.0
    },
    "Viewer Draw.001": {
      "bl_idname": "ViewerNode2",
      "color": [
        1.0,
        0.30000001192092896,
        0.0
      ],
      "height": 100.0,
      "hide": false,
      "label": "",
      "location": [
        837.107421875,
        650.0704345703125
      ],
      "params": {
        "activate": 1
      },
      "width": 140.0
    }
  },