{
  "export_version": "0.063",
  "framed_nodes": {},
  "groups": {},
  "nodes": {
    "Matrix in": {
      "bl_idname": "MatrixGenNode",
      "color": [
        0.6079999804496765,
        0.6079999804496765,
        0.6079999804496765
      ],
      "height": 100.0,
      "hide": false,
      "label": "",
      "location": [
        -178.34576416015625,
        -148.4980010986328
      ],
      "params": {},
      "width": 140.0
    },
    "Matrix in.001": {
      "bl_idname": "MatrixGenNode",
      "color": [
        0.6079999804496765,
        0.6079999804496765,
        0.6079999804496765
      ],
      "height": 100.0,
      "hide": false,
      "label": "",
      "location": [
        -593.1646118164062,
        308.849853515625
      ],
      "params": {},
      "width": 140.0
    },
    "Objects in mk3": {
      "bl_idname": "SvObjectsNodeMK3",
      "color": [
        0.904932975769043,
        1.0,
        0.883421003818512
      ],
      "height": 100.0,
      "hide": false,
      "label": "",
      "location": [
        431.5553894042969,
        470.1334533691406
      ],
      "object_names": [
        "GRID_0"
      ],
      "params": {},
      "width": 140.0
    },
    "Plane": {
      "bl_idname": "PlaneNode",
      "color": [
        0.9200000166893005,
        0.9200000166893005,
        0.9200000166893005
      ],
      "height": 100.0,
      "hide": false,
      "label": "",
      "location": [
        -760.4159545898438,
        160.9148712158203
      ],
      "params": {
        "int_X": 2,
        "int_Y": 2,
        "step_X": 1.0,
        "step_Y": 1.0
      },
      "width": 140.0
    },
    "Plane.001": {
      "bl_idname": "PlaneNode",
      "color": [
        0.9200000166893005,
        0.9200000166893005,
        0.9200000166893005
      ],
      "height": 100.0,
      "hide": false,
      "label": "",
      "location": [
        -503.9822082519531,
        -224.13258361816406
      ],
      "params": {
        "int_X": 10,
        "int_Y": 10,
        "step_X": 1.0,
        "step_Y": 1.0
      },
      "width": 140.0
    },
    "Random Num Gen": {
      "bl_idname": "SvRndNumGen",
      "color": [
        0.6079999804496765,
        0.6079999804496765,
        0.6079999804496765
      ],
      "height": 100.0,
      "hide": false,
      "label": "",
      "location": [
        985.091552734375,
        38.514617919921875
      ],
      "params": {
        "seed": 82,
        "size": 100,
        "type_selected_mode": "Float"
      },
      "width": 140.0
    },
    "Random Num Gen.001": {
      "bl_idname": "SvRndNumGen",
      "color": [
        0.6079999804496765,
        0.6079999804496765,
        0.6079999804496765
      ],
      "height": 100.0,
      "hide": false,
      "label": "",
      "location": [
        908.653564453125,
        -204.64678955078125
      ],
      "params": {
        "seed": 119,
        "size": 100,
        "type_selected_mode": "Float"
      },
      "width": 140.0
    },
    "Random Num Gen.002": {
      "bl_idname": "SvRndNumGen",
      "color": [
        0.6079999804496765,
        0.6079999804496765,
        0.6079999804496765
      ],
      "height": 100.0,
      "hide": false,
      "label": "",
      "location": [
        1165.0172119140625,
        -210.27664184570312
      ],
      "params": {
        "seed": 126,
        "size": 100,
        "type_selected_mode": "Float"
      },
      "width": 140.0
    },
    "Scale": {
      "bl_idname": "SvScaleNode",
      "color": [
        0.6079999804496765,
        0.6079999804496765,
        0.6079999804496765
      ],
      "height": 100.0,
      "hide": false,
      "label": "",
      "location": [
        -113.90670776367188,
        255.05335998535156
      ],
      "params": {
        "factor_": 1.0
      },
      "width": 140.0
    },
    "Stethoscope": {
      "bl_idname": "SvStethoscopeNode",
      "color": [
        1.0,
        0.8993440270423889,
        0.9742509722709656
      ],
      "height": 100.0,
      "hide": false,
      "label": "",
      "location": [
        1576.249267578125,
        -120.42291259765625
      ],
      "params": {
        "text_color": [
          0.949999988079071,
          0.949999988079071,
          0.949999988079071
        ]
      },
      "width": 140.0
    },
    "Vector Drop": {
      "bl_idname": "VectorDropNode",
      "color": [
        0.6079999804496765,
        0.6079999804496765,
        0.6079999804496765
      ],
      "height": 100.0,
      "hide": false,
      "label": "",
      "location": [
        -370.62091064453125,
        229.044189453125
      ],
      "params": {},
      "width": 140.0
    },
    "Vector Fractal": {
      "bl_idname": "SvVectorFractal",
      "color": [
        0.6079999804496765,
        0.6079999804496765,
        0.6079999804496765
      ],
      "height": 100.0,
      "hide": false,
      "label": "",
      "location": [
        524.8418579101562,
        -370.08734130859375
      ],
      "params": {},
      "width": 140.0
    },
    "Vector Math MK2": {
      "bl_idname": "SvVectorMathNodeMK2",
      "color": [
        0.6079999804496765,
        0.6079999804496765,
        0.6079999804496765
      ],
      "height": 100.0,
      "hide": false,
      "label": "",
      "location": [
        186.199462890625,
        -279.87939453125
      ],
      "params": {
        "amount": 0.10000000149011612,
        "current_op": "SCALAR"
      },
      "width": 140.0
    },
    "Vector Noise MK2": {
      "bl_idname": "SvNoiseNodeMK2",
      "color": [
        0.6079999804496765,
        0.6079999804496765,
        0.6079999804496765
      ],
      "height": 100.0,
      "hide": false,
      "label": "",
      "location": [
        499.049072265625,
        -171.43170166015625
      ],
      "params": {
        "noise_type": "VORONOI_CRACKLE",
        "seed": 471
      },
      "width": 140.0
    },
    "Vector in": {
      "bl_idname": "GenVectorsNode",
      "color": [
        0.6079999804496765,
        0.6079999804496765,
        0.6079999804496765
      ],
      "height": 100.0,
      "hide": false,
      "label": "",
      "location": [
        -289.6888427734375,
        369.06549072265625
      ],
      "params": {},
      "width": 100.0
    },
    "Vector in.001": {
      "bl_idname": "GenVectorsNode",
      "color": [
        0.6079999804496765,
        0.6079999804496765,
        0.6079999804496765
      ],
      "height": 100.0,
      "hide": false,
      "label": "",
      "location": [
        1354.61572265625,
        -10.186251640319824
      ],
      "params": {
        "x_": 0.8999999761581421,
        "y_": 0.5699999928474426,
        "z_": 0.6899999976158142
      },
      "width": 100.0
    },
    "Vertex color new": {
      "bl_idname": "SvVertexColorNodeMK2",
      "color": [
        0.6079999804496765,
        0.6079999804496765,
        0.6079999804496765
      ],
      "height": 100.0,
      "hide": false,
      "label": "",
      "location": [
        1597.608154296875,
        201.92945861816406
      ],
      "params": {
        "mode": "polygons"
      },
      "width": 185.44189453125
    },
    "Viewer BMeshMK2": {
      "bl_idname": "SvBmeshViewerNodeMK2",
      "color": [
        0.6284880042076111,
        0.931007981300354,
        1.0
      ],
      "height": 100.0,
      "hide": true,
      "label": "",
      "location": [
        168.95797729492188,
        110.1229248046875
      ],
      "params": {
        "basemesh_name": "GRID",
        "material": "Material.001",
        "merge": 1
      },
      "width": 148.052490234375
    },
    "Viewer Index": {
      "bl_idname": "IndexViewerNode",
      "color": [
        0.6284880042076111,
        0.931007981300354,
        1.0
      ],
      "height": 100.0,
      "hide": false,
      "label": "",
      "location": [
        668.5481567382812,
        459.51129150390625
      ],
      "params": {
        "activate": 1,
        "display_face_index": 1,