{
  "export_version": "0.063",
  "framed_nodes": {
    "Int": "Frame"
  },
  "groups": {},
  "nodes": {
    "Circle": {
      "bl_idname": "SvCircleNode",
      "color": [
        0.0,
        0.5,
        0.5
      ],
      "height": 100.0,
      "hide": false,
      "label": "",
      "location": [
        -22.00324249267578,
        222.21839904785156
      ],
      "params": {
        "degr_": 3.4520866870880127,
        "rad_": 1.0,
        "vert_": 36
      },
      "width": 140.0
    },
    "Frame": {
      "bl_idname": "NodeFrame",
      "color": [
        0.6079999804496765,
        0.6079999804496765,
        0.6079999804496765
      ],
      "height": 129.76318359375,
      "hide": false,
      "label": "",
      "location": [
        -121.17626953125,
        -391.3139953613281
      ],
      "params": {},
      "width": 200.0
    },
    "Frame info": {
      "bl_idname": "SvFrameInfoNode",
      "color": [
        0.0,
        0.5,
        0.20000000298023224
      ],
      "height": 100.0,
      "hide": false,
      "label": "",
      "location": [
        -1619.04638671875,
        -86.7383041381836
      ],
      "params": {},
      "width": 140.0
    },
    "Int": {
      "bl_idname": "IntegerNode",
      "color": [
        0.6079999804496765,
        0.6079999804496765,
        0.6079999804496765
      ],
      "height": 100.0,
      "hide": false,
      "label": "",
      "location": [
        -1607.9124755859375,
        -151.92282104492188
      ],
      "params": {
        "int_": 36
      },
      "width": 140.0
    },
    "Map Range": {
      "bl_idname": "SvMapRangeNode",
      "color": [
        0.6079999804496765,
        0.6079999804496765,
        0.6079999804496765
      ],
      "height": 100.0,
      "hide": false,
      "label": "",
      "location": [
        -196.10118103027344,
        -7.500904083251953
      ],
      "params": {
        "new_max": 360.0,
        "new_min": 1.0,
        "old_min": -1.0
      },
      "width": 140.0
    },
    "Math": {
      "bl_idname": "ScalarMathNode",
      "color": [
        0.6079999804496765,
        0.6079999804496765,
        0.6079999804496765
      ],
      "height": 100.0,
      "hide": false,
      "label": "",
      "location": [
        -404.97149658203125,
        -70.82125854492188
      ],
      "params": {},
      "width": 140.0
    },
    "Math.001": {
      "bl_idname": "ScalarMathNode",
      "color": [
        0.6079999804496765,
        0.6079999804496765,
        0.6079999804496765
      ],
      "height": 100.0,
      "hide": false,
      "label": "",
      "location": [
        -573.051513671875,
        -172.73446655273438
      ],
      "params": {
        "items_": "MUL",
        "y": 0.10000000149011612
      },
      "width": 140.0
    },
    "Math.002": {
      "bl_idname": "ScalarMathNode",
      "color": [
        0.6079999804496765,
        0.6079999804496765,
        0.6079999804496765
      ],
      "height": 100.0,
      "hide": false,
      "label": "",
      "location": [
        -755.6270751953125,
        -136.18270874023438
      ],
      "params": {
        "items_": "ADD",
        "y": 0.10000000149011612
      },
      "width": 140.0
    },
    "Math.003": {
      "bl_idname": "ScalarMathNode",
      "color": [
        0.6079999804496765,
        0.6079999804496765,
        0.6079999804496765
      ],
      "height": 100.0,
      "hide": false,
      "label": "",
      "location": [
        -1071.2496337890625,
        -93.32989501953125
      ],
      "params": {
        "items_": "ADD",
        "y": 0.10000000149011612
      },
      "width": 140.0
    },
    "Matrix in": {
      "bl_idname": "MatrixGenNode",
      "color": [
        0.6079999804496765,
        0.6079999804496765,
        0.6079999804496765
      ],
      "height": 100.0,
      "hide": false,
      "label": "",
      "location": [
        996.0870971679688,
        -104.7615737915039
      ],
      "params": {},
      "width": 140.0
    },
    "Random Num Gen": {
      "bl_idname": "SvRndNumGen",
      "color": [
        0.6079999804496765,
        0.6079999804496765,
        0.6079999804496765
      ],
      "height": 100.0,
      "hide": false,
      "label": "",
      "location": [
        -1317.340576171875,
        -220.8284912109375
      ],
      "params": {
        "high_f": 180.0,
        "low_f": -180.0,
        "type_selected_mode": "Float"
      },
      "width": 140.0
    },
    "Random Num Gen.001": {
      "bl_idname": "SvRndNumGen",
      "color": [
        0.6079999804496765,
        0.6079999804496765,
        0.6079999804496765
      ],
      "height": 100.0,
      "hide": false,
      "label": "",
      "location": [
        812.1133422851562,
        -264.8232116699219
      ],
      "params": {
        "high_f": 180.0,
        "low_f": -180.0,
        "seed": 125,
        "type_selected_mode": "Float"
      },
      "width": 140.0
    },
    "Range Float.001": {
      "bl_idname": "SvGenFloatRange",
      "color": [
        0.6079999804496765,
        0.6079999804496765,
        0.6079999804496765
      ],
      "height": 100.0,
      "hide": false,
      "label": "",
      "location": [
        -223.58189392089844,
        170.15142822265625
      ],
      "params": {
        "count_": 10,
        "mode": "FRANGE_COUNT",
        "start_": 1.0199999809265137,
        "step_": 0.039999980479478836,
        "stop_": 13.299999237060547
      },
      "width": 140.0
    },
    "Range Float.002": {
      "bl_idname": "SvGenFloatRange",
      "color": [
        0.6079999804496765,
        0.6079999804496765,
        0.6079999804496765
      ],
      "height": 100.0,
      "hide": false,
      "label": "",
      "location": [
        -952.2762451171875,
        -267.54339599609375
      ],
      "params": {
        "count_": 10,
        "mode": "FRANGE_COUNT",
        "stop_": 105.7300033569336
      },
      "width": 140.0
    },
    "UV Connection": {
      "bl_idname": "LineConnectNodeMK2",
      "color": [
        0.6079999804496765,
        0.6079999804496765,
        0.6079999804496765
      ],
      "height": 100.0,
      "hide": false,
      "label": "",
      "location": [
        457.38531494140625,
        110.1568603515625
      ],
      "params": {
        "dir_check": "U_dir",
        "polygons": "Edges",
        "slice_check": 0
      },
      "width": 140.0
    },
    "Vector X | Y | Z": {
      "bl_idname": "svAxisInputNode",
      "color": [
        0.6079999804496765,
        0.6079999804496765,
        0.6079999804496765
      ],
      "height": 100.0,
      "hide": false,
      "label": "",
      "location": [
        807.799560546875,
        -168.25003051757812
      ],
      "params": {},
      "width": 100.0
    },
    "Viewer Draw": {
      "bl_idname": "ViewerNode2",
      "color": [
        1.0,
        0.30000001192092896,
        0.0
      ],
      "height": 100.0,
      "hide": false,
      "label": "",
      "location": [
        1236.321533203125,
        224.5179901123047
      ],
      "params": {
        "display_verts": 0,
        "edge_colors": [
          0.8989999890327454,
          0.2608504593372345,
          0.6151365637779236
        ]
      },
      "width": 140.0
    }
  },