{
  "export_version": "0.063",
  "framed_nodes": {},
  "groups": {},
  "nodes": {
    "Int": {
      "bl_idname": "IntegerNode",
      "color": [
        0.6079999804496765,
        0.6079999804496765,
        0.6079999804496765
      ],
      "height": 100.0,
      "hide": false,
      "label": "",
      "location": [
        -829.66845703125,
        -231.82240295410156
      ],
      "params": {
        "int_": 500
      },
      "width": 140.0
    },
    "List Input": {
      "bl_idname": "SvListInputNode",
      "color": [
        0.6079999804496765,
        0.6079999804496765,
        0.6079999804496765
      ],
      "height": 100.0,
      "hide": false,
      "label": "",
      "location": [
        -80.4598388671875,
        115.98053741455078
      ],
      "params": {
        "mode": "vector",
        "v_int": 4
      },
      "width": 227.59271240234375
    },
    "List Join": {
      "bl_idname": "ListJoinNode",
      "color": [
        0.6079999804496765,
        0.6079999804496765,
        0.6079999804496765
      ],
      "height": 100.0,
      "hide": false,
      "label": "",
      "location": [
        209.5877685546875,
        -235.5359344482422
      ],
      "params": {
        "JoinLevel": 2
      },
      "width": 140.0
    },
    "List Repeater": {
      "bl_idname": "ListRepeaterNode",
      "color": [
        0.6079999804496765,
        0.6079999804496765,
        0.6079999804496765
      ],
      "height": 100.0,
      "hide": false,
      "label": "",
      "location": [
        -16.604034423828125,
        -180.59054565429688
      ],
      "params": {
        "level": 2,
        "number": 10,
        "unwrap": 1
      },
      "width": 140.0
    },
    "Random Num Gen": {
      "bl_idname": "SvRndNumGen",
      "color": [
        0.6079999804496765,
        0.6079999804496765,
        0.6079999804496765
      ],
      "height": 100.0,
      "hide": false,
      "label": "",
      "location": [
        -456.84307861328125,
        40.292724609375
      ],
      "params": {
        "low_f": 0.41999998688697815,
        "seed": 64,
        "type_selected_mode": "Float"
      },
      "width": 140.0
    },
    "Random Num Gen.001": {
      "bl_idname": "SvRndNumGen",
      "color": [
        0.6079999804496765,
        0.6079999804496765,
        0.6079999804496765
      ],
      "height": 100.0,
      "hide": false,
      "label": "",
      "location": [
        -469.13653564453125,
        -157.60943603515625
      ],
      "params": {
        "low_f": 0.29999998211860657,
        "seed": 32,
        "type_selected_mode": "Float"
      },
      "width": 140.0
    },
    "Random Num Gen.002": {
      "bl_idname": "SvRndNumGen",
      "color": [
        0.6079999804496765,
        0.6079999804496765,
        0.6079999804496765
      ],
      "height": 100.0,
      "hide": false,
      "label": "",
      "location": [
        -386.296875,
        -350.2018127441406
      ],
      "params": {
        "low_f": 0.18000000715255737,
        "seed": 70,
        "type_selected_mode": "Float"
      },
      "width": 170.88650512695312
    },
    "Vector in": {
      "bl_idname": "GenVectorsNode",
      "color": [
        0.6079999804496765,
        0.6079999804496765,
        0.6079999804496765
      ],
      "height": 100.0,
      "hide": false,
      "label": "",
      "location": [
        -162.0166015625,
        -105.03987121582031
      ],
      "params": {},
      "width": 100.0
    },
    "Vertex color new": {
      "bl_idname": "SvVertexColorNodeMK2",
      "color": [
        0.6079999804496765,
        0.6079999804496765,
        0.6079999804496765
      ],
      "height": 100.0,
      "hide": false,
      "label": "",
      "location": [
        420.6422119140625,
        11.590995788574219
      ],
      "params": {
        "mode": "polygons"
      },
      "width": 185.91732788085938
    },
    "Viewer text mk2.002": {
      "bl_idname": "ViewerNodeTextMK2",
      "color": [
        1.0,
        0.8993440270423889,
        0.9742509722709656
      ],
      "height": 100.0,
      "hide": false,
      "label": "",
      "location": [
        446.91217041015625,
        -201.6338653564453
      ],
      "params": {},
      "width": 140.0
    }
  },
  "update_lists": [
    [
      "Int",
      "Integer",
      "Random Num Gen.001",
      "Size"
    ],
    [
      "Int",
      "Integer",
      "Random Num Gen",
      "Size"
    ],
    [
      "Int",
      "Integer",
      "Random Num Gen.002",
      "Size"
    ],
    [
      "Random Num Gen",
      "Value",
      "Vector in",
      "X"
    ],
    [
      "Random Num Gen.001",
      "Value",
      "Vector in",
      "Y"
    ],
    [
      "Random Num Gen.002",
      "Value",
      "Vector in",
      "Z"
    ],
    [
      "Vector in",
      "Vectors",
      "List Repeater",
      "Data"
    ],
    [
      "List Repeater",
      "Data",
      "List Join",
      "data"
    ],
    [
      "List Join",
      "data",
      "Viewer text mk2.002",
      "vertices"
    ],
    [
      "List Join",
      "data",
      "Vertex color new",
      "Color"
    ]
  ]
}