{
  "export_version": "0.063",
  "framed_nodes": {},
  "groups": {},
  "nodes": {
    "Float": {
      "bl_idname": "FloatNode",
      "color": [
        0.6079999804496765,
        0.6079999804496765,
        0.6079999804496765
      ],
      "height": 100.0,
      "hide": false,
      "label": "",
      "location": [
        669.15380859375,
        675.907958984375
      ],
      "params": {
        "float_": 1.0
      },
      "width": 140.0
    },
    "Frame": {
      "bl_idname": "NodeFrame",
      "color": [
        0.7764705419540405,
        0.7764705419540405,
        0.7764705419540405
      ],
      "height": 1500.0,
      "hide": false,
      "label": "Sverchok_viewer",
      "location": [
        -1281.9404296875,
        1238.0487060546875
      ],
      "params": {},
      "width": 800.0
    },
    "Frame info": {
      "bl_idname": "SvFrameInfoNode",
      "color": [
        0.0,
        0.5,
        0.20000000298023224
      ],
      "height": 100.0,
      "hide": false,
      "label": "",
      "location": [
        -471.9404296875,
        523.13427734375
      ],
      "params": {},
      "width": 140.0
    },
    "List Del Levels": {
      "bl_idname": "ListLevelsNode",
      "color": [
        0.6079999804496765,
        0.6079999804496765,
        0.6079999804496765
      ],
      "height": 100.0,
      "hide": false,
      "label": "",
      "location": [
        1345.7513427734375,
        971.085205078125
      ],
      "params": {
        "Sverch_LisLev": "0"
      },
      "width": 140.0
    },
    "List Length": {
      "bl_idname": "ListLengthNode",
      "color": [
        0.6079999804496765,
        0.6079999804496765,
        0.6079999804496765
      ],
      "height": 100.0,
      "hide": false,
      "label": "",
      "location": [
        229.58103942871094,
        106.63491821289062
      ],
      "params": {
        "level": 1
      },
      "width": 140.0
    },
    "List Repeater": {
      "bl_idname": "ListRepeaterNode",
      "color": [
        0.6079999804496765,
        0.6079999804496765,
        0.6079999804496765
      ],
      "height": 100.0,
      "hide": false,
      "label": "",
      "location": [
        847.4974365234375,
        733.6355590820312
      ],
      "params": {
        "level": 1,
        "number": 10000,
        "unwrap": 0
      },
      "width": 140.0
    },
    "List Shift": {
      "bl_idname": "ShiftNodeMK2",
      "color": [
        0.6079999804496765,
        0.6079999804496765,
        0.6079999804496765
      ],
      "height": 100.0,
      "hide": false,
      "label": "",
      "location": [
        477.9627990722656,
        -35.19939422607422
      ],
      "params": {
        "level": 1,
        "shift_c": 261
      },
      "width": 140.0
    },
    "List Zip": {
      "bl_idname": "ZipNode",
      "color": [
        0.6079999804496765,
        0.6079999804496765,
        0.6079999804496765
      ],
      "height": 100.0,
      "hide": false,
      "label": "",
      "location": [
        1142.8846435546875,
        978.7601318359375
      ],
      "params": {
        "level": 1,
        "unwrap": 0
      },
      "width": 140.0
    },
    "Math": {
      "bl_idname": "ScalarMathNode",
      "color": [
        0.6079999804496765,
        0.6079999804496765,
        0.6079999804496765
      ],
      "height": 100.0,
      "hide": false,
      "label": "",
      "location": [
        5.472816467285156,
        -60.35075378417969
      ],
      "params": {
        "i_y": 0,
        "items_": "ROUND-N"
      },
      "width": 164.88916015625
    },
    "Math.001": {
      "bl_idname": "ScalarMathNode",
      "color": [
        0.6079999804496765,
        0.6079999804496765,
        0.6079999804496765
      ],
      "height": 100.0,
      "hide": false,
      "label": "",
      "location": [
        754.1564331054688,
        22.956119537353516
      ],
      "params": {
        "i_y": 0,
        "items_": "ADD"
      },
      "width": 164.88916015625
    },
    "Object ID Filter": {
      "bl_idname": "SvFilterObjsNode",
      "color": [
        1.0,
        0.30000001192092896,
        0.0
      ],
      "height": 100.0,
      "hide": false,
      "label": "",
      "location": [
        -385.1878662109375,
        23.550640106201172
      ],
      "params": {
        "formula": "zato"
      },
      "width": 140.0
    },
    "Object ID Filter.001": {
      "bl_idname": "SvFilterObjsNode",
      "color": [
        0.6079999804496765,
        0.6079999804496765,
        0.6079999804496765
      ],
      "height": 100.0,
      "hide": false,
      "label": "",
      "location": [
        1386.12109375,
        796.572998046875
      ],
      "params": {
        "formula": "HOHO"
      },
      "width": 140.0
    },
    "Object ID Get": {
      "bl_idname": "SvGetDataObjectNode",
      "color": [
        0.6079999804496765,
        0.6079999804496765,
        0.6079999804496765
      ],
      "height": 100.0,
      "hide": false,
      "label": "",
      "location": [
        1174.763916015625,
        697.1063232421875
      ],
      "params": {
        "Modes": "images"
      },
      "width": 140.0
    },
    "Object ID Set MK2": {
      "bl_idname": "SvSetDataObjectNodeMK2",
      "color": [
        0.6079999804496765,
        0.6079999804496765,
        0.6079999804496765
      ],
      "height": 100.0,
      "hide": false,
      "label": "",
      "location": [
        -213.43637084960938,
        75.22239685058594
      ],
      "params": {
        "formula": "pixels[:]"
      },
      "width": 146.28875732421875
    },
    "Object ID Set MK2.001": {
      "bl_idname": "SvSetDataObjectNodeMK2",
      "color": [
        0.6079999804496765,
        0.6079999804496765,
        0.6079999804496765
      ],
      "height": 100.0,
      "hide": false,
      "label": "",
      "location": [
        1567.5494384765625,
        900.1695556640625
      ],
      "params": {
        "formula": "pixels = v #"
      },
      "width": 140.0
    },
    "Random Num Gen": {
      "bl_idname": "SvRndNumGen",
      "color": [
        0.6079999804496765,
        0.6079999804496765,
        0.6079999804496765
      ],
      "height": 100.0,
      "hide": false,
      "label": "",
      "location": [
        451.6011047363281,
        166.58070373535156
      ],
      "params": {
        "high_f": 1.0,
        "low_f": 0.20999999344348907,
        "seed": 206,
        "size": 3481,
        "type_selected_mode": "Float"
      },
      "width": 140.0
    },
    "Random Num Gen.001": {
      "bl_idname": "SvRndNumGen",
      "color": [
        0.6079999804496765,
        0.6079999804496765,
        0.6079999804496765
      ],
      "height": 100.0,
      "hide": false,
      "label": "",
      "location": [
        -323.2886962890625,
        547.9226684570312
      ],
      "params": {
        "high_f": 1.0,
        "low_f": 0.0,
        "seed": 261,
        "size": 40000,
        "type_selected_mode": "Float"
      },
      "width": 140.0
    },
    "Random Num Gen.002": {
      "bl_idname": "SvRndNumGen",
      "color": [
        0.6079999804496765,
        0.6079999804496765,
        0.6079999804496765
      ],
      "height": 100.0,
      "hide": false,
      "label": "",
      "location": [
        796.0618286132812,
        1270.5633544921875
      ],
      "params": {},
      "width": 140.0
    },
    "Range Float": {
      "bl_idname": "SvGenFloatRange",
      "color": [
        0.6079999804496765,
        0.6079999804496765,
        0.6079999804496765
      ],
      "height": 100.0,
      "hide": false,
      "label": "",
      "location": [
        259.31390380859375,
        1188.04931640625
      ],
      "params": {
        "count_": 10000,
        "mode": "FRANGE_COUNT",
        "stop_": 1.0
      },
      "width": 140.0
    },
    "Range Float.001": {
      "bl_idname": "SvGenFloatRange",