{
  "export_version": "0.063",
  "framed_nodes": {},
  "groups": {},
  "nodes": {
    "Float": {
      "bl_idname": "FloatNode",
      "color": [
        0.6079999804496765,
        0.6079999804496765,
        0.6079999804496765
      ],
      "height": 100.0,
      "hide": false,
      "label": "",
      "location": [
        833.6436157226562,
        810.26904296875
      ],
      "params": {
        "float_": 1.0
      },
      "width": 140.0
    },
    "Frame": {
      "bl_idname": "NodeFrame",
      "color": [
        0.7764705419540405,
        0.7764705419540405,
        0.7764705419540405
      ],
      "height": 1500.0,
      "hide": false,
      "label": "Sverchok_viewer",
      "location": [
        -4161.71337890625,
        1374.5892333984375
      ],
      "params": {},
      "width": 800.0
    },
    "Frame info": {
      "bl_idname": "SvFrameInfoNode",
      "color": [
        0.0,
        0.5,
        0.20000000298023224
      ],
      "height": 100.0,
      "hide": false,
      "label": "",
      "location": [
        -3351.71337890625,
        945.4932250976562
      ],
      "params": {},
      "width": 140.0
    },
    "List Del Levels": {
      "bl_idname": "ListLevelsNode",
      "color": [
        0.6079999804496765,
        0.6079999804496765,
        0.6079999804496765
      ],
      "height": 100.0,
      "hide": false,
      "label": "",
      "location": [
        1514.6314697265625,
        1270.95556640625
      ],
      "params": {
        "Sverch_LisLev": "0"
      },
      "width": 140.0
    },
    "List Length": {
      "bl_idname": "ListLengthNode",
      "color": [
        0.6079999804496765,
        0.6079999804496765,
        0.6079999804496765
      ],
      "height": 100.0,
      "hide": false,
      "label": "",
      "location": [
        -2481.556640625,
        503.0025634765625
      ],
      "params": {
        "level": 1
      },
      "width": 140.0
    },
    "List Repeater": {
      "bl_idname": "ListRepeaterNode",
      "color": [
        0.6079999804496765,
        0.6079999804496765,
        0.6079999804496765
      ],
      "height": 100.0,
      "hide": false,
      "label": "",
      "location": [
        1057.529541015625,
        875.2200927734375
      ],
      "params": {
        "level": 1,
        "number": 10000,
        "unwrap": 0
      },
      "width": 140.0
    },
    "List Shift": {
      "bl_idname": "ShiftNodeMK2",
      "color": [
        0.6079999804496765,
        0.6079999804496765,
        0.6079999804496765
      ],
      "height": 100.0,
      "hide": false,
      "label": "",
      "location": [
        -2233.1748046875,
        361.1682434082031
      ],
      "params": {
        "level": 1,
        "shift_c": 261
      },
      "width": 140.0
    },
    "List Zip": {
      "bl_idname": "ZipNode",
      "color": [
        0.6079999804496765,
        0.6079999804496765,
        0.6079999804496765
      ],
      "height": 100.0,
      "hide": false,
      "label": "",
      "location": [
        1270.9490966796875,
        1172.7353515625
      ],
      "params": {
        "level": 1,
        "unwrap": 0
      },
      "width": 140.0
    },
    "Math": {
      "bl_idname": "ScalarMathNode",
      "color": [
        0.6079999804496765,
        0.6079999804496765,
        0.6079999804496765
      ],
      "height": 100.0,
      "hide": false,
      "label": "",
      "location": [
        -2705.664794921875,
        336.0168762207031
      ],
      "params": {
        "i_y": 0,
        "items_": "ROUND-N"
      },
      "width": 164.88916015625
    },
    "Math.001": {
      "bl_idname": "ScalarMathNode",
      "color": [
        0.6079999804496765,
        0.6079999804496765,
        0.6079999804496765
      ],
      "height": 100.0,
      "hide": false,
      "label": "",
      "location": [
        -1956.981201171875,
        419.3237609863281
      ],
      "params": {
        "i_y": 0,
        "items_": "ADD"
      },
      "width": 164.88916015625
    },
    "Math.002": {
      "bl_idname": "ScalarMathNode",
      "color": [
        0.6079999804496765,
        0.6079999804496765,
        0.6079999804496765
      ],
      "height": 100.0,
      "hide": false,
      "label": "",
      "location": [
        979.7964477539062,
        1313.6002197265625
      ],
      "params": {
        "items_": "MUL"
      },
      "width": 140.0
    },
    "Object ID Filter": {
      "bl_idname": "SvFilterObjsNode",
      "color": [
        0.6079999804496765,
        0.6079999804496765,
        0.6079999804496765
      ],
      "height": 100.0,
      "hide": false,
      "label": "",
      "location": [
        -3096.325439453125,
        419.91827392578125
      ],
      "params": {
        "formula": "zato"
      },
      "width": 140.0
    },
    "Object ID Filter.001": {
      "bl_idname": "SvFilterObjsNode",
      "color": [
        0.6079999804496765,
        0.6079999804496765,
        0.6079999804496765
      ],
      "height": 100.0,
      "hide": false,
      "label": "",
      "location": [
        1781.77880859375,
        899.8920288085938
      ],
      "params": {
        "formula": "HOHO"
      },
      "width": 168.710205078125
    },
    "Object ID Get": {
      "bl_idname": "SvGetDataObjectNode",
      "color": [
        0.6079999804496765,
        0.6079999804496765,
        0.6079999804496765
      ],
      "height": 100.0,
      "hide": false,
      "label": "",
      "location": [
        1533.90673828125,
        908.1641235351562
      ],
      "params": {
        "Modes": "images"
      },
      "width": 176.275146484375
    },
    "Object ID Set MK2": {
      "bl_idname": "SvSetDataObjectNodeMK2",
      "color": [
        0.6079999804496765,
        0.6079999804496765,
        0.6079999804496765
      ],
      "height": 100.0,
      "hide": false,
      "label": "",
      "location": [
        -2924.573974609375,
        471.59002685546875
      ],
      "params": {
        "formula": "pixels[:]"
      },
      "width": 146.28875732421875
    },
    "Object ID Set MK2.001": {
      "bl_idname": "SvSetDataObjectNodeMK2",
      "color": [
        0.6079999804496765,
        0.6079999804496765,
        0.6079999804496765
      ],
      "height": 100.0,
      "hide": false,
      "label": "",
      "location": [
        2081.49267578125,
        1001.4284057617188
      ],
      "params": {
        "formula": "pixels = v #"
      },
      "width": 140.0
    },
    "Plane": {
      "bl_idname": "PlaneNode",
      "color": [
        0.0,
        0.5,
        0.5
      ],
      "height": 100.0,
      "hide": false,
      "label": "",
      "location": [
        490.1434326171875,
        1374.5892333984375
      ],
      "params": {
        "int_X": 100,
        "int_Y": 100,
        "step_X": 0.1599999964237213,
        "step_Y": 0.1599999964237213
      },
      "width": 140.0
    },
    "Random Num Gen": {
      "bl_idname": "SvRndNumGen",
      "color": [
        0.6079999804496765,
        0.6079999804496765,
        0.6079999804496765
      ],
      "height": 100.0,
      "hide": false,
      "label": "",
      "location": [
        -2259.53662109375,
        562.9483642578125
      ],
      "params": {
        "high_f": 1.0,
        "low_f": 0.20999999344348907,
        "seed": 206,
        "size": 3481,
        "type_selected_mode": "Float"
      },
      "width": 140.0
    },
    "Random Num Gen.001": {
      "bl_idname": "SvRndNumGen",
      "color": [
        0.6079999804496765,
        0.6079999804496765,
        0.6079999804496765
      ],
      "height": 100.0,
      "hide": false,
      "label": "",
      "location": [
        -3034.42626953125,
        944.290283203125
      ],
      "params": {
        "high_f": 1.0,
        "low_f": 0.0,
        "seed": 261,
        "size": 40000,
        "type_selected_mode": "Float"
      },
      "width": 140.0
    },
    "Random Num Gen.002": {
      "bl_idname": "SvRndNumGen",