{
  "export_version": "0.063",
  "framed_nodes": {},
  "groups": {},
  "nodes": {
    "Frame info": {
      "bl_idname": "SvFrameInfoNode",
      "color": [
        0.0,
        0.5,
        0.20000000298023224
      ],
      "height": 100.0,
      "hide": false,
      "label": "",
      "location": [
        -1123.72412109375,
        74.71121215820312
      ],
      "params": {},
      "width": 140.0
    },
    "Math": {
      "bl_idname": "ScalarMathNode",
      "color": [
        0.6079999804496765,
        0.6079999804496765,
        0.6079999804496765
      ],
      "height": 100.0,
      "hide": false,
      "label": "",
      "location": [
        -959.2694702148438,
        65.2740478515625
      ],
      "params": {
        "items_": "MUL",
        "y": 0.019999999552965164
      },
      "width": 140.0
    },
    "Random Vector MK2": {
      "bl_idname": "RandomVectorNodeMK2",
      "color": [
        0.0,
        0.5,
        0.5
      ],
      "height": 100.0,
      "hide": false,
      "label": "",
      "location": [
        -728.3876342773438,
        -63.73311996459961
      ],
      "params": {
        "count_inner": 47,
        "scale": 1.8399999141693115,
        "seed": 33
      },
      "width": 153.83685302734375
    },
    "Randomize input vertices": {
      "bl_idname": "SvRandomizeVerticesNode",
      "color": [
        0.6079999804496765,
        0.6079999804496765,
        0.6079999804496765
      ],
      "height": 100.0,
      "hide": false,
      "label": "",
      "location": [
        -343.11669921875,
        -78.80521392822266
      ],
      "params": {
        "random_seed_": 201,
        "random_x_": 0.0,
        "random_y_": 0.0,
        "random_z_": 0.0
      },
      "width": 140.0
    },
    "Vector Math": {
      "bl_idname": "VectorMathNode",
      "color": [
        0.6079999804496765,
        0.6079999804496765,
        0.6079999804496765
      ],
      "height": 100.0,
      "hide": false,
      "label": "ADD",
      "location": [
        133.52029418945312,
        38.783111572265625
      ],
      "params": {
        "items_": "ADD",
        "scalar_output_socket": 0
      },
      "width": 140.0
    },
    "Vector Math.002": {
      "bl_idname": "VectorMathNode",
      "color": [
        0.6079999804496765,
        0.6079999804496765,
        0.6079999804496765
      ],
      "height": 100.0,
      "hide": false,
      "label": "ADD",
      "location": [
        -494.55078125,
        80.34730529785156
      ],
      "params": {
        "items_": "ADD",
        "scalar_output_socket": 0
      },
      "width": 140.0
    },
    "Vector Noise": {
      "bl_idname": "SvNoiseNode",
      "color": [
        0.6079999804496765,
        0.6079999804496765,
        0.6079999804496765
      ],
      "height": 100.0,
      "hide": false,
      "label": "",
      "location": [
        -274.55078125,
        150.85496520996094
      ],
      "params": {},
      "width": 140.0
    },
    "Vector in": {
      "bl_idname": "GenVectorsNode",
      "color": [
        0.6079999804496765,
        0.6079999804496765,
        0.6079999804496765
      ],
      "height": 100.0,
      "hide": false,
      "label": "",
      "location": [
        -710.4329833984375,
        103.98470306396484
      ],
      "params": {
        "x_": 4.349999904632568
      },
      "width": 100.0
    },
    "Viewer BMeshMK2": {
      "bl_idname": "SvBmeshViewerNodeMK2",
      "color": [
        1.0,
        0.30000001192092896,
        0.0
      ],
      "height": 100.0,
      "hide": true,
      "label": "",
      "location": [
        525.9847412109375,
        -46.55377960205078
      ],
      "params": {
        "basemesh_name": "Alpha",
        "lp": [
          0,
          0,
          0,
          0,
          0,
          0,
          0,
          0,
          0,
          0,
          0,
          0,
          0,
          0,
          0,
          0,
          0,
          0,
          0,
          0
        ],
        "merge": 1
      },
      "width": 140.0
    },
    "Viewer Draw": {
      "bl_idname": "ViewerNode2",
      "color": [
        1.0,
        0.30000001192092896,
        0.0
      ],
      "height": 100.0,
      "hide": false,
      "label": "",
      "location": [
        490.4992370605469,
        233.44854736328125
      ],
      "params": {
        "activate": 0
      },
      "width": 176.74627685546875
    }
  },
  "update_lists": [
    [
      "Frame info",
      "Current Frame",
      "Math",
      "X"
    ],
    [
      "Math",
      "float",
      "Vector in",
      "X"
    ],
    [
      "Math",
      "float",
      "Random Vector MK2",
      "Scale"
    ],
    [
      "Random Vector MK2",
      "Random",
      "Vector Math.002",
      "U"
    ],
    [
      "Vector in",
      "Vectors",
      "Vector Math.002",
      "V"
    ],
    [
      "Random Vector MK2",
      "Random",
      "Randomize input vertices",
      "Vertices"
    ],
    [
      "Vector Math.002",
      "W",
      "Vector Noise",
      "Vertices"
    ],
    [
      "Vector Noise",
      "Noise V",
      "Vector Math",
      "U"
    ],
    [
      "Randomize input vertices",
      "Vertices",
      "Vector Math",
      "V"
    ],
    [
      "Vector Math",
      "W",
      "Viewer Draw",
      "vertices"
    ],
    [
      "Vector Math",
      "W",
      "Viewer BMeshMK2",
      "vertices"
    ]
  ]
}